id,order_id,product_id,quantity,unit_price
1,1,197,1,1959.53
2,1,111,2,1394.33
3,2,187,5,116.57
4,2,87,2,759.22
5,3,85,1,1367.45
6,3,40,2,159.34
7,3,80,1,1501.99
8,4,199,2,1563.15
9,4,1,1,1649.95
10,5,140,1,202.39
11,5,168,3,278.08
12,5,85,1,1548.36
13,6,187,2,116.57
14,6,85,1,1548.36
15,6,165,4,1843.44
16,6,1,3,1818.9
17,7,48,2,1050.45
18,7,85,5,1376.39
19,7,56,1,1350.71
20,7,88,4,181.42
21,8,40,4,163.25
22,9,199,3,1405.32
23,10,187,2,116.57
24,10,170,1,60.89
25,10,96,5,374.13
26,11,85,2,1548.36
27,12,48,3,954.41
28,12,187,1,108.27
29,12,179,1,1752.38
30,13,187,1,116.57
31,14,46,2,482.9
32,15,88,1,206.14
33,16,56,5,1350.71
34,17,124,2,1912.09
35,18,88,1,206.14
36,18,25,1,101.44
37,18,71,1,524.64
38,18,40,1,173.68
39,19,185,1,1150.61
40,20,85,2,1548.36
41,21,136,2,1612.44
42,22,21,2,1176.1
43,23,152,2,1737.5
44,23,24,3,842.71
45,24,187,1,116.57
46,24,4,2,1938.94
47,24,85,2,1548.36
48,25,88,1,206.14
49,25,187,1,102.42
50,26,187,2,116.57
51,27,85,1,1353.05
52,27,179,1,1752.38
53,27,171,1,128.74
54,28,187,1,116.57
55,29,25,2,101.44
56,30,187,4,116.57
57,31,85,3,1415.55
58,32,85,5,1548.36
59,33,1,2,1719.0
60,34,85,1,1548.36
61,35,187,3,99.3
62,36,185,3,1150.61
63,36,60,3,1541.69
64,37,85,2,1393.16
65,37,17,5,1521.63
66,37,187,1,116.57
67,37,4,1,1938.94
68,38,15,2,369.19
69,38,181,1,105.12
70,39,187,1,116.57
71,39,166,1,308.12
72,39,40,3,182.89
73,40,56,1,1350.71
74,40,75,1,345.09
75,40,72,2,922.62
76,40,187,1,116.57
77,41,85,1,1548.36
78,41,133,3,1768.18
79,42,25,1,88.4
80,43,85,1,1548.36
81,44,74,1,1873.3
82,44,197,1,1728.55
83,44,40,3,182.89
84,45,88,1,187.04
85,45,187,1,116.57
86,46,1,1,1580.46
87,46,56,1,1265.74
88,47,42,5,991.09
89,47,85,2,1548.36
90,48,135,1,1752.0
91,49,130,1,228.78
92,49,188,1,759.13
93,49,133,2,1933.11
94,50,197,1,1959.53
95,50,36,1,64.17
96,51,187,1,116.57
97,51,17,1,1521.63
98,52,60,1,1423.03
99,52,25,1,101.44
100,53,88,4,180.33
101,53,93,1,244.98
102,54,88,3,206.14
103,55,28,1,305.3
104,55,40,1,182.89
105,56,139,2,54.33
106,57,187,2,116.57
107,57,85,1,1548.36
108,58,187,5,116.57
109,58,128,1,1118.85
110,58,48,1,1050.45
111,58,185,2,1150.61
112,59,118,3,264.16
113,60,180,1,1705.09
114,61,56,1,1207.0
115,61,36,2,55.59
116,62,54,3,1116.55
117,63,53,3,296.83
118,64,85,2,1465.24
119,64,124,3,1912.09
120,65,85,2,1548.36
121,66,111,3,1225.06
122,66,187,3,116.57
123,66,85,1,1548.36
124,67,85,1,1548.36
125,67,187,1,116.57
126,68,96,3,374.13
127,68,187,1,104.68
128,68,111,2,1394.33
129,69,40,3,182.89
130,70,187,2,116.57
131,71,25,1,101.44
132,71,172,3,364.96
133,71,40,2,182.89
134,72,25,1,101.44
135,73,56,1,1350.71
136,73,85,1,1548.36
137,73,68,1,1429.66
138,74,187,4,116.57
139,75,46,1,547.88
140,76,180,1,1607.51
141,76,9,1,209.95
142,76,12,1,419.88
143,77,111,2,1394.33
144,78,187,1,116.57
145,78,122,2,846.91
146,79,147,1,1213.76
147,80,113,1,414.76
148,81,124,3,1912.09
149,82,187,3,116.57
150,82,38,1,848.1
151,83,48,2,1050.45
152,84,85,3,1548.36
153,85,40,2,182.89
154,85,36,1,64.17
155,86,56,2,1350.71
156,86,85,2,1548.36
157,86,118,3,264.16
158,86,78,1,1984.9
159,87,17,1,1521.63
160,87,138,1,1573.62
161,87,88,1,206.14
162,88,187,1,116.57
163,88,85,1,1548.36
164,89,85,2,1548.36
165,89,40,1,182.89
166,89,161,4,308.57
167,90,177,1,648.94
168,91,87,1,759.22
169,92,176,1,798.78
170,93,187,1,101.11
171,94,85,1,1548.36
172,95,62,2,1833.62
173,95,106,2,473.95
174,96,144,2,1070.45
175,97,187,1,116.57
176,97,96,1,338.48
177,98,40,2,182.89
178,98,151,3,1310.48
179,99,85,1,1548.36
180,100,187,1,116.57
181,100,114,3,1611.97
182,100,73,4,526.07
183,101,86,1,1329.75
184,102,124,1,1912.09
185,103,84,3,586.69
186,103,139,3,50.01
187,104,27,2,672.46
188,104,54,3,1024.23
189,105,56,2,1231.19
190,105,110,1,1022.04
191,106,56,3,1350.71
192,106,188,1,759.13
193,107,22,1,1306.35
194,108,187,1,116.57
195,109,192,1,121.94
196,109,103,1,1010.97
197,109,85,2,1548.36
198,109,180,1,1469.37
199,110,179,4,1559.54
200,110,17,2,1521.63
201,111,187,2,116.57
202,112,185,1,1150.61
203,113,40,3,182.89
204,114,22,2,1306.35
205,114,85,1,1548.36
206,115,180,3,1705.09
207,115,25,1,101.44
208,115,187,1,116.57
209,115,40,3,182.89
210,116,60,2,1337.67
211,117,68,1,1620.15
212,117,139,1,54.33
213,118,85,1,1548.36
214,118,40,3,182.89
215,118,175,1,1367.5
216,118,166,4,346.92
217,119,180,3,1705.09
218,120,40,5,165.28
219,120,12,1,419.88
220,121,187,2,108.27
221,122,39,1,1569.6
222,123,85,1,1362.8
223,124,187,2,103.85
224,125,65,1,1118.16
225,126,187,4,105.96
226,126,137,2,870.84
227,126,85,1,1548.36
228,127,176,1,798.78
229,127,187,2,116.57
230,128,187,3,108.09
231,128,56,1,1350.71
232,128,138,1,1573.62
233,129,123,1,1332.13
234,130,22,1,1306.35
235,131,85,1,1548.36
236,132,138,1,1573.62
237,133,187,1,116.57
238,133,34,2,706.15
239,134,110,1,941.74
240,134,181,2,97.04
241,134,127,1,68.25
242,135,111,3,1394.33
243,136,56,3,1350.71
244,137,131,1,297.01
245,138,40,1,182.89
246,139,84,2,572.15
247,139,187,1,116.57
248,140,85,3,1548.36
249,140,113,1,363.35
250,140,40,2,182.89
251,141,29,2,223.84
252,142,136,3,1612.44
253,143,40,5,173.59
254,143,187,1,116.57
255,143,1,2,1818.9
256,144,171,1,128.74
257,144,180,1,1705.09
258,144,83,5,1046.86
259,145,180,1,1705.09
260,146,85,1,1418.43
261,147,51,1,1473.9
262,147,187,2,103.85
263,147,81,1,1783.66
264,147,2,3,1405.12
265,148,100,3,633.75
266,148,102,2,1944.19
267,148,161,1,281.15
268,149,123,3,1332.13
269,149,187,1,99.16
270,149,88,3,206.14
271,150,40,2,182.89
272,150,85,1,1353.14
273,150,96,1,343.01
274,151,85,2,1369.09
275,152,187,1,116.57
276,152,178,1,1018.47
277,153,85,1,1548.36
278,153,187,1,116.57
279,154,10,2,1807.06
280,154,1,1,1818.9
281,155,35,1,1189.6
282,155,144,1,1070.45
283,156,85,2,1548.36
284,157,131,1,297.01
285,157,178,1,1018.47
286,157,85,1,1548.36
287,157,40,2,182.89
288,158,139,1,54.33
289,159,3,1,545.69
290,160,25,1,101.44
291,160,187,1,116.57
292,161,197,1,1959.53
293,161,29,3,195.47
294,162,24,2,842.71
295,162,40,2,182.89
296,163,187,1,116.57
297,163,42,1,991.09
298,163,180,1,1498.36
299,164,187,2,116.57
300,165,187,1,116.57
301,165,85,1,1548.36
302,165,17,1,1521.63
303,166,62,3,1833.62
304,166,192,1,121.94
305,167,85,4,1548.36
306,168,187,1,109.67
307,168,25,1,101.44
308,169,56,1,1350.71
309,169,185,3,1150.61
310,169,1,1,1691.35
311,170,106,3,473.95
312,171,40,2,182.89
313,171,180,2,1705.09
314,172,41,1,983.07
315,172,85,1,1335.39
316,173,128,3,1011.25
317,173,120,1,740.81
318,173,187,4,116.57
319,174,187,1,116.57
320,174,40,1,182.89
321,175,56,1,1350.71
322,175,187,1,116.57
323,176,187,2,116.57
324,176,17,1,1325.65
325,177,127,1,64.65
326,177,187,2,116.57
327,178,180,1,1705.09
328,179,56,4,1350.71
329,180,40,2,182.89
330,181,187,1,99.27
331,182,187,1,103.56
332,183,197,1,1745.39
333,183,180,1,1705.09
334,184,40,4,182.89
335,184,187,4,116.57
336,185,187,2,116.57
337,185,158,1,227.56
338,185,19,1,874.98
339,185,180,5,1477.35
340,186,187,2,106.5
341,186,17,1,1403.35
342,187,56,1,1350.71
343,188,47,1,675.84
344,189,187,2,116.57
345,190,113,3,393.24
346,191,135,1,1867.32
347,192,85,2,1548.36
348,193,88,4,206.14
349,193,18,5,1444.26
350,193,187,1,116.57
351,194,180,1,1554.59
352,195,111,4,1394.33
353,195,161,4,308.57
354,196,132,4,791.11
355,196,85,1,1548.36
356,197,197,1,1959.53
357,198,187,2,116.57
358,198,48,1,1050.45
359,199,132,1,849.27
360,199,187,1,116.57
361,199,42,1,883.03
362,200,181,3,97.73
363,200,200,2,1291.76
364,200,187,1,116.57
365,201,187,4,105.32
366,202,25,5,92.31
367,202,126,2,1851.05
368,203,187,1,116.57
369,203,165,1,1843.44
370,203,56,1,1350.71
371,204,8,1,558.31
372,205,130,1,228.78
373,206,181,1,105.12
374,206,18,1,1444.26
375,206,40,4,182.89
376,207,187,1,116.57
377,208,187,2,101.72
378,209,85,1,1548.36
379,209,56,1,1350.71
380,209,187,4,116.57
381,210,187,1,116.57
382,210,111,2,1394.33
383,211,138,2,1573.62
384,212,187,2,116.57
385,212,88,3,206.14
386,212,85,1,1373.99
387,212,96,1,350.07
388,213,187,2,116.57
389,213,25,1,101.44
390,213,181,1,105.12
391,214,187,1,116.57
392,214,85,1,1548.36
393,215,110,1,922.77
394,215,187,1,116.57
395,215,85,2,1548.36
396,216,187,1,116.57
397,216,56,2,1209.87
398,217,171,1,128.74
399,217,22,1,1306.35
400,218,189,2,994.43
401,219,192,2,105.79
402,219,118,3,264.16
403,220,185,2,1150.61
404,221,139,4,54.33
405,221,40,1,182.89
406,222,109,1,260.35
407,222,85,1,1548.36
408,222,36,2,64.17
409,223,187,1,116.57
410,224,187,1,101.35
411,225,138,5,1461.32
412,226,187,1,100.31
413,227,180,2,1705.09
414,228,187,1,109.48
415,229,48,1,940.24
416,229,110,1,1022.04
417,229,85,1,1548.36
418,230,85,2,1548.36
419,230,185,4,1150.61
420,230,1,3,1818.9
421,231,176,1,725.37
422,231,17,1,1521.63
423,232,179,1,1752.38
424,233,40,1,167.41
425,233,96,4,374.13
426,234,187,3,116.57
427,235,56,1,1350.71
428,235,138,1,1430.52
429,235,180,2,1705.09
430,236,85,1,1412.67
431,237,187,1,116.57
432,237,40,1,182.89
433,237,97,2,1206.38
434,237,111,2,1279.63
435,238,133,1,1680.85
436,239,138,1,1386.03
437,240,56,1,1350.71
438,240,1,2,1818.9
439,240,25,1,101.44
440,241,40,1,166.35
441,242,25,4,101.44
442,242,88,1,206.14
443,242,138,1,1573.62
444,243,187,1,116.57
445,244,187,1,100.14
446,244,9,1,209.95
447,244,85,3,1548.36
448,244,145,2,1219.52
449,245,40,1,169.16
450,245,25,4,101.44
451,245,187,1,116.57
452,246,187,1,116.57
453,247,56,4,1350.71
454,247,185,3,1150.61
455,247,138,2,1573.62
456,248,188,2,759.13
457,248,187,1,116.57
458,248,88,2,206.14
459,249,25,1,101.44
460,249,132,1,849.27
461,249,175,1,1261.03
462,250,48,1,1050.45
463,251,180,1,1705.09
464,252,180,1,1705.09
465,253,126,1,1851.05
466,253,21,1,1062.31
467,253,110,2,1022.04
468,253,88,1,206.14
469,254,56,1,1350.71
470,254,64,2,93.11
471,255,85,1,1548.36
472,256,40,1,182.89
473,257,40,1,182.89
474,257,56,1,1197.49
475,258,56,1,1263.32
476,258,89,2,1498.39
477,258,1,1,1818.9
478,259,147,2,1213.76
479,259,36,3,64.17
480,259,109,2,260.35
481,260,85,1,1548.36
482,261,187,1,116.57
483,262,187,1,116.57
484,263,187,4,116.57
485,264,62,4,1598.14
486,265,137,1,944.88
487,266,187,5,116.57
488,266,152,3,1737.5
489,267,90,1,538.93
490,268,187,1,106.37
491,269,1,1,1818.9
492,269,137,1,944.88
493,270,187,1,116.57
494,270,106,1,473.95
495,271,40,1,182.89
496,272,187,4,116.57
497,273,187,1,116.57
498,274,187,2,108.35
499,274,40,1,182.89
500,274,185,2,1150.61
501,274,149,2,760.26
502,275,69,3,598.27
503,275,85,2,1370.93
504,276,17,1,1521.63
505,276,191,2,1559.57
506,277,85,2,1548.36
507,277,1,2,1818.9
508,278,187,1,116.57
509,278,163,1,633.77
510,279,123,5,1332.13
511,279,87,3,687.37
512,279,151,1,1198.6
513,279,138,1,1573.62
514,280,40,1,182.89
515,281,170,3,60.89
516,282,187,3,116.57
517,282,40,3,162.65
518,283,192,3,121.94
519,283,187,2,106.91
520,284,163,4,633.77
521,285,40,1,182.89
522,286,176,1,798.78
523,286,187,1,116.57
524,287,125,1,586.45
525,287,136,2,1612.44
526,288,180,1,1705.09
527,288,187,2,116.57
528,289,96,1,374.13
529,289,187,5,116.57
530,289,25,4,101.44
531,289,85,1,1378.64
532,290,56,1,1350.71
533,290,187,2,116.57
534,291,133,1,1933.11
535,291,62,1,1644.71
536,292,121,5,615.18
537,293,187,2,116.57
538,293,69,4,647.25
539,294,36,2,54.99
540,295,176,2,736.14
541,296,181,3,105.12
542,296,40,1,182.89
543,296,162,1,1652.66
544,297,151,5,1310.48
545,297,56,4,1350.71
546,297,40,1,182.89
547,298,40,1,182.89
548,298,185,2,1150.61
549,299,90,2,538.93
550,300,85,4,1548.36
551,301,187,2,116.57
552,301,180,2,1705.09
553,302,88,1,206.14
554,303,37,1,1917.91
555,303,176,1,798.78
556,304,180,3,1705.09
557,305,145,4,1219.52
558,305,180,3,1705.09
559,305,85,1,1548.36
560,305,127,2,58.32
561,306,187,1,116.57
562,306,56,1,1163.98
563,306,85,1,1548.36
564,307,174,1,1190.06
565,308,141,1,1662.1
566,308,41,4,983.07
567,309,85,5,1548.36
568,310,85,1,1548.36
569,311,193,1,1851.11
570,311,109,1,260.35
571,311,56,4,1214.5
572,312,1,2,1818.9
573,312,39,2,1569.6
574,313,184,2,513.04
575,314,64,1,83.05
576,314,185,1,1150.61
577,315,25,4,101.44
578,315,85,2,1548.36
579,315,110,1,1022.04
580,316,48,3,1050.45
581,317,40,1,182.89
582,317,121,1,615.18
583,318,185,2,1150.61
584,319,87,2,759.22
585,320,40,1,162.17
586,321,187,2,116.57
587,321,28,2,261.06
588,322,110,5,1022.04
589,322,88,1,206.14
590,322,82,2,1788.92
591,323,111,2,1394.33
592,324,88,1,206.14
593,325,187,3,116.57
594,326,187,1,116.57
595,327,180,1,1705.09
596,328,74,4,1873.3
597,329,136,1,1373.61
598,329,62,1,1833.62
599,329,127,1,68.25
600,330,48,1,996.84
601,330,1,1,1818.9
602,331,40,1,163.55
603,332,131,2,269.36
604,332,85,1,1367.39
605,333,68,1,1473.37
606,334,170,4,60.89
607,334,1,2,1818.9
608,334,123,2,1183.91
609,335,170,5,60.89
610,336,165,1,1596.47
611,336,12,2,419.88
612,337,96,1,374.13
613,338,1,2,1654.73
614,339,11,3,921.89
615,339,141,1,1662.1
616,340,185,2,1150.61
617,341,187,3,106.42
618,341,85,1,1548.36
619,341,176,4,798.78
620,342,17,1,1521.63
621,343,56,3,1209.39
622,343,187,1,106.36
623,343,138,3,1573.62
624,344,45,2,956.98
625,345,187,1,116.57
626,345,56,1,1350.71
627,346,163,1,633.77
628,347,140,1,235.21
629,347,85,2,1548.36
630,348,133,1,1933.11
631,349,1,5,1818.9
632,349,187,3,116.57
633,350,85,1,1436.84
634,350,187,2,116.57
635,351,56,1,1350.71
636,352,187,1,116.57
637,352,85,1,1548.36
638,352,197,1,1959.53
639,353,187,3,116.57
640,353,110,2,896.23
641,353,40,2,182.89
642,353,164,3,304.01
643,354,85,1,1410.47
644,354,124,2,1912.09
645,354,25,1,94.59
646,355,64,1,93.11
647,356,187,1,116.57
648,357,187,2,105.53
649,358,187,2,116.57
650,359,187,1,116.57
651,359,197,1,1959.53
652,360,162,2,1652.66
653,360,85,1,1548.36
654,360,197,2,1959.53
655,361,187,1,101.43
656,361,180,1,1705.09
657,362,180,2,1705.09
658,362,85,1,1548.36
659,362,110,2,1022.04
660,362,40,2,182.89
661,363,96,1,374.13
662,363,23,1,159.09
663,363,180,2,1562.68
664,364,176,2,798.78
665,365,85,3,1548.36
666,366,156,2,1496.85
667,366,180,1,1705.09
668,366,85,2,1548.36
669,367,85,2,1548.36
670,367,187,4,116.57
671,368,81,2,1783.66
672,369,56,4,1350.71
673,370,40,1,182.89
674,371,40,1,166.92
675,372,110,4,1022.04
676,372,40,1,182.89
677,373,85,5,1548.36
678,373,180,2,1705.09
679,373,152,1,1737.5
680,374,187,2,116.57
681,375,15,2,369.19
682,376,88,1,206.14
683,377,85,1,1548.36
684,377,197,1,1959.53
685,378,40,2,182.89
686,379,176,1,798.78
687,380,139,2,54.33
688,381,75,2,345.09
689,382,187,1,105.24
690,382,60,2,1541.69
691,383,56,1,1350.71
692,383,85,1,1548.36
693,384,187,1,116.57
694,385,187,2,116.57
695,385,25,1,101.44
696,385,197,1,1801.66
697,385,56,1,1350.71
698,386,187,2,116.57
699,386,96,3,374.13
700,386,185,1,1150.61
701,387,50,4,61.81
702,387,187,3,110.57
703,388,27,1,672.46
704,388,187,1,116.57
705,388,96,2,374.13
706,389,75,3,345.09
707,389,138,1,1573.62
708,389,184,2,513.04
709,390,185,1,1013.56
710,391,85,3,1548.36
711,391,166,1,346.92
712,391,62,3,1833.62
713,392,146,2,1493.98
714,392,65,1,1021.61
715,393,69,2,647.25
716,394,181,2,105.12
717,395,88,3,206.14
718,395,187,1,116.57
719,395,85,1,1548.36
720,396,2,1,1405.12
721,397,187,2,116.57
722,397,85,1,1548.36
723,397,56,1,1350.71
724,398,41,2,983.07
725,398,187,1,116.57
726,399,172,1,322.57
727,399,187,2,116.57
728,399,40,1,182.89
729,400,139,1,48.6
730,400,123,1,1199.08
731,401,40,2,182.89
732,401,1,2,1818.9
733,401,187,3,100.9
734,401,138,1,1573.62
735,402,180,1,1450.67
736,403,96,2,374.13
737,403,85,1,1429.5
738,404,87,2,759.22
739,405,187,1,116.57
740,405,85,1,1548.36
741,406,48,2,1050.45
742,406,34,1,706.15
743,407,127,2,64.44
744,407,85,5,1548.36
745,408,187,1,116.57
746,409,56,2,1350.71
747,409,25,1,101.44
748,410,40,1,182.89
749,410,122,2,986.88
750,411,40,1,157.11
751,412,123,1,1332.13
752,413,187,2,102.88
753,413,172,1,364.96
754,413,138,2,1573.62
755,414,1,1,1818.9
756,415,1,2,1818.9
757,416,79,4,1538.81
758,417,25,1,95.71
759,417,187,2,116.57
760,417,106,1,473.95
761,417,147,1,1213.76
762,418,54,1,959.78
763,418,85,2,1548.36
764,419,88,2,206.14
765,419,139,1,54.33
766,419,162,1,1652.66
767,419,118,3,238.53
768,420,187,1,116.57
769,420,85,2,1548.36
770,420,34,2,642.94
771,421,127,2,59.64
772,421,85,5,1548.36
773,421,109,2,260.35
774,422,88,1,179.15
775,423,185,1,1150.61
776,424,109,1,221.68
777,424,110,4,969.09
778,424,75,3,345.09
779,425,127,2,68.25
780,425,85,1,1548.36
781,426,184,2,513.04
782,426,187,1,116.57
783,426,56,3,1350.71
784,427,187,1,116.57
785,427,56,1,1350.71
786,428,187,3,116.57
787,429,187,1,116.57
788,430,133,3,1933.11
789,430,187,1,116.57
790,430,122,2,986.88
791,430,102,1,1944.19
792,431,127,1,68.25
793,431,85,3,1331.48
794,431,128,1,1118.85
795,432,163,1,564.4
796,433,187,2,116.57
797,433,96,3,374.13
798,434,187,1,109.93
799,434,127,1,68.25
800,435,85,1,1548.36
801,435,138,1,1573.62
802,436,56,2,1150.25
803,437,123,1,1332.13
804,437,25,2,101.44
805,438,133,1,1653.91
806,438,187,1,116.57
807,439,187,2,116.57
808,440,62,4,1833.62
809,441,187,1,116.57
810,441,180,2,1705.09
811,442,180,1,1705.09
812,442,176,1,798.78
813,442,187,1,116.57
814,443,187,2,100.56
815,444,48,1,1050.45
816,444,1,1,1818.9
817,445,85,3,1548.36
818,446,40,3,182.89
819,446,96,1,374.13
820,447,179,2,1664.45
821,447,180,1,1575.38
822,448,111,2,1394.33
823,449,85,1,1548.36
824,450,123,1,1332.13
825,450,144,2,1070.45
826,451,85,1,1548.36
827,451,152,4,1737.5
828,452,1,2,1818.9
829,453,171,1,128.74
830,454,187,1,106.48
831,455,152,1,1737.5
832,456,187,2,116.57
833,457,56,1,1350.71
834,457,187,1,101.0
835,458,187,1,116.57
836,459,187,2,116.57
837,460,10,4,1807.06
838,460,40,3,182.89
839,460,127,1,68.25
840,461,110,2,1022.04
841,462,90,2,538.93
842,462,85,3,1548.36
843,462,156,1,1496.85
844,463,187,1,116.57
845,464,85,2,1548.36
846,464,40,5,182.89
847,465,85,1,1458.25
848,465,5,3,1561.71
849,465,96,2,338.46
850,466,187,2,102.4
851,466,165,1,1843.44
852,466,85,5,1548.36
853,467,56,1,1350.71
854,467,106,2,473.95
855,467,187,1,116.57
856,467,96,1,374.13
857,468,187,1,116.57
858,468,93,1,235.31
859,469,164,2,304.01
860,469,187,1,116.57
861,469,175,1,1367.5
862,470,54,1,999.37
863,471,1,1,1818.9
864,471,187,1,116.57
865,471,36,1,64.17
866,471,82,1,1788.92
867,472,138,2,1485.39
868,472,122,3,986.88
869,472,199,3,1563.15
870,473,18,1,1444.26
871,474,187,5,116.57
872,474,122,1,896.91
873,475,180,2,1705.09
874,475,187,3,108.69
875,476,177,4,648.94
876,476,87,1,655.05
877,477,53,1,296.83
878,478,136,3,1612.44
879,478,25,1,101.44
880,479,127,3,68.25
881,480,88,1,206.14
882,481,88,2,181.43
883,482,139,1,54.33
884,482,14,2,996.84
885,482,187,2,116.57
886,483,40,3,182.89
887,483,181,4,105.12
888,483,54,2,1116.55
889,484,187,1,116.57
890,484,102,1,1779.1
891,484,85,1,1548.36
892,484,25,1,101.44
893,485,185,1,1150.61
894,486,185,1,1150.61
895,487,152,1,1737.5
896,487,110,1,1022.04
897,488,85,2,1548.36
898,488,181,1,105.12
899,489,40,2,182.89
900,490,85,1,1399.21
901,490,180,1,1705.09
902,491,25,1,92.44
903,491,127,4,68.25
904,492,123,2,1332.13
905,493,40,1,157.33
906,494,56,1,1214.81
907,494,125,1,524.44
908,495,187,2,116.57
909,496,124,1,1912.09
910,497,79,2,1785.41
911,497,1,3,1573.52
912,497,187,1,116.57
913,498,42,1,991.09
914,499,56,2,1350.71
915,499,187,1,116.57
916,499,109,3,260.35
917,500,191,1,1670.08
918,501,187,1,116.57
919,501,180,2,1705.09
920,502,181,1,89.64
921,502,85,2,1548.36
922,503,110,1,1022.04
923,504,198,2,1607.81
924,505,187,2,116.57
925,505,100,4,633.75
926,506,48,2,1050.45
927,506,136,1,1612.44
928,506,123,4,1332.13
929,507,34,3,706.15
930,508,40,1,158.46
931,508,30,4,1183.12
932,508,22,1,1306.35
933,509,89,2,1381.47
934,510,96,1,374.13
935,510,139,1,54.33
936,510,181,2,105.12
937,511,149,2,649.97
938,512,56,1,1350.71
939,513,187,1,116.57
940,513,185,3,1150.61
941,513,56,1,1230.51
942,514,110,1,1022.04
943,514,85,2,1342.17
944,515,180,2,1572.81
945,515,25,3,101.44
946,515,187,2,103.4
947,516,187,2,116.57
948,517,133,1,1933.11
949,518,61,1,232.43
950,519,25,2,101.44
951,519,75,4,345.09
952,520,163,2,633.77
953,520,88,2,206.14
954,520,56,1,1196.01
955,521,155,1,487.83
956,521,165,2,1843.44
957,522,187,4,103.46
958,523,40,3,182.89
959,524,187,1,116.57
960,525,185,1,1150.61
961,525,172,1,364.96
962,525,187,1,116.57
963,526,187,3,116.57
964,526,110,1,1022.04
965,527,36,1,56.97
966,527,141,1,1662.1
967,527,135,1,1867.32
968,527,134,1,1199.76
969,528,25,1,101.44
970,529,85,1,1548.36
971,530,187,1,116.57
972,530,190,1,220.41
973,530,114,3,1611.97
974,530,40,1,182.89
975,531,49,3,888.48
976,531,47,1,675.84
977,532,85,1,1548.36
978,533,35,1,1189.6
979,533,187,2,116.57
980,534,187,1,116.57
981,535,17,2,1521.63
982,536,185,1,1150.61
983,537,56,1,1350.71
984,538,142,1,1387.2
985,539,40,2,182.89
986,539,165,1,1843.44
987,540,180,1,1543.91
988,540,181,3,105.12
989,541,152,2,1489.44
990,541,85,1,1548.36
991,542,136,3,1612.44
992,543,143,1,444.33
993,543,187,1,116.57
994,544,180,1,1705.09
995,545,187,1,116.57
996,546,187,1,116.57
997,546,111,1,1394.33
998,547,56,1,1350.71
999,547,87,1,759.22
1000,548,187,1,116.57
1001,549,187,5,116.57
1002,549,197,1,1959.53
1003,550,56,1,1350.71
1004,551,180,1,1705.09
1005,551,148,1,836.3
1006,552,180,1,1705.09
1007,553,139,1,54.33
1008,553,187,1,116.57
1009,554,187,1,116.57
1010,555,176,1,798.78
1011,555,96,1,374.13
1012,556,17,2,1521.63
1013,556,56,1,1350.71
1014,556,187,2,116.57
1015,556,85,1,1548.36
1016,557,56,1,1350.71
1017,558,40,5,169.62
1018,558,87,1,645.99
1019,558,17,2,1334.47
1020,558,118,4,264.16
1021,559,187,1,99.53
1022,559,26,1,997.6
1023,559,85,2,1548.36
1024,559,123,2,1332.13
1025,560,88,1,206.14
1026,561,163,2,597.14
1027,561,101,1,1559.04
1028,561,13,2,625.1
1029,561,187,2,116.57
1030,562,180,1,1705.09
1031,562,187,1,116.57
1032,563,66,1,676.28
1033,563,8,1,507.34
1034,564,187,2,116.57
1035,564,87,1,759.22
1036,565,138,1,1573.62
1037,566,133,1,1933.11
1038,566,127,1,68.25
1039,566,187,2,116.57
1040,567,56,1,1350.71
1041,568,40,1,182.89
1042,569,50,3,54.2
1043,570,119,1,1856.5
1044,571,40,2,182.89
1045,571,134,1,1199.76
1046,572,110,2,1022.04
1047,573,26,3,997.6
1048,573,40,1,182.89
1049,573,56,2,1171.57
1050,573,192,1,121.94
1051,574,187,3,116.57
1052,574,19,2,874.98
1053,575,112,2,1050.9
1054,575,44,1,1151.59
1055,575,102,4,1944.19
1056,576,56,2,1350.71
1057,576,25,2,101.44
1058,576,40,2,182.89
1059,576,152,2,1737.5
1060,577,47,1,675.84
1061,577,17,1,1521.63
1062,577,187,2,107.08
1063,578,96,2,374.13
1064,578,197,1,1959.53
1065,578,104,2,270.45
1066,578,40,1,182.89
1067,579,187,1,116.57
1068,580,25,1,101.44
1069,580,85,2,1548.36
1070,580,15,1,369.19
1071,581,26,1,997.6
1072,582,1,1,1818.9
1073,582,64,2,93.11
1074,583,187,1,116.57
1075,583,56,2,1350.71
1076,584,25,1,96.16
1077,584,36,2,64.17
1078,584,56,2,1350.71
1079,585,127,1,68.25
1080,586,187,2,103.55
1081,586,103,1,939.81
1082,587,139,1,54.33
1083,587,171,1,128.74
1084,588,85,1,1548.36
1085,588,56,1,1350.71
1086,589,133,1,1933.11
1087,590,56,1,1350.71
1088,591,99,2,408.14
1089,591,187,1,116.57
1090,592,63,2,410.08
1091,592,187,5,106.9
1092,593,111,1,1394.33
1093,594,139,1,54.33
1094,595,107,1,280.14
1095,596,83,1,1046.86
1096,597,165,3,1843.44
1097,598,197,2,1959.53
1098,598,28,3,305.3
1099,598,187,1,101.55
1100,599,36,1,60.82
1101,600,17,1,1521.63
1102,601,187,1,101.65
1103,602,40,2,182.89
1104,602,164,1,304.01
1105,602,85,2,1548.36
1106,602,56,2,1224.87
1107,603,25,2,101.44
1108,603,34,2,706.15
1109,603,15,2,369.19
1110,604,85,3,1431.48
1111,605,45,1,956.98
1112,605,187,1,102.63
1113,605,174,2,1190.06
1114,606,193,1,1752.77
1115,607,185,1,1150.61
1116,608,123,1,1332.13
1117,608,88,1,206.14
1118,608,187,1,116.57
1119,609,85,2,1362.32
1120,609,180,2,1705.09
1121,609,56,3,1282.39
1122,610,180,2,1705.09
1123,610,88,3,189.74
1124,611,85,3,1548.36
1125,611,187,2,116.57
1126,612,138,1,1573.62
1127,613,141,2,1662.1
1128,614,25,2,101.44
1129,615,184,4,513.04
1130,615,187,4,116.57
1131,616,1,1,1818.9
1132,616,56,2,1350.71
1133,616,147,1,1213.76
1134,617,28,3,305.3
1135,617,133,1,1933.11
1136,618,56,1,1350.71
1137,618,176,3,798.78
1138,619,156,1,1496.85
1139,619,85,3,1548.36
1140,620,40,1,182.89
1141,621,145,1,1219.52
1142,621,25,1,101.44
1143,621,123,1,1332.13
1144,622,118,1,264.16
1145,622,197,4,1831.28
1146,623,40,2,182.89
1147,624,90,1,538.93
1148,625,56,2,1350.71
1149,625,176,1,798.78
1150,625,157,3,1636.62
1151,625,187,2,103.84
1152,626,123,4,1332.13
1153,627,68,1,1620.15
1154,627,25,1,101.44
1155,628,160,1,1196.57
1156,629,85,3,1548.36
1157,629,177,2,648.94
1158,630,136,3,1612.44
1159,631,187,4,116.57
1160,632,57,1,576.12
1161,632,88,1,206.14
1162,632,185,2,1150.61
1163,633,197,1,1959.53
1164,633,56,2,1350.71
1165,633,187,1,116.57
1166,633,85,1,1548.36
1167,634,139,1,54.33
1168,634,56,2,1350.71
1169,635,180,1,1705.09
1170,636,187,1,116.57
1171,636,173,1,124.75
1172,637,85,2,1373.02
1173,638,163,5,633.77
1174,639,139,1,54.33
1175,639,172,1,364.96
1176,639,111,5,1285.11
1177,640,137,3,838.29
1178,641,187,1,116.57
1179,641,2,4,1273.93
1180,642,180,1,1705.09
1181,642,187,4,116.57
1182,642,37,2,1917.91
1183,643,187,1,99.41
1184,643,87,2,759.22
1185,644,24,4,842.71
1186,645,14,1,1166.43
1187,646,36,1,54.66
1188,647,187,3,116.57
1189,647,96,2,374.13
1190,648,85,2,1548.36
1191,648,15,2,369.19
1192,648,187,1,116.57
1193,649,62,1,1833.62
1194,649,187,2,116.57
1195,649,180,1,1705.09
1196,650,187,2,116.57
1197,651,88,1,206.14
1198,651,187,1,116.57
1199,651,40,1,182.89
1200,652,180,1,1705.09
1201,652,103,3,1010.97
1202,652,187,3,116.57
1203,653,187,1,116.57
1204,653,27,2,672.46
1205,653,40,1,182.89
1206,653,62,2,1833.62
1207,654,187,1,116.57
1208,654,39,1,1569.6
1209,654,29,3,223.84
1210,655,25,4,101.44
1211,655,187,1,116.57
1212,656,40,1,182.89
1213,656,194,2,215.34
1214,657,85,1,1548.36
1215,657,133,1,1933.11
1216,658,85,1,1418.56
1217,659,25,1,101.44
1218,659,85,1,1548.36
1219,659,40,1,182.89
1220,659,170,1,52.96
1221,660,56,2,1350.71
1222,661,176,1,798.78
1223,662,145,3,1219.52
1224,662,187,1,116.57
1225,662,134,1,1199.76
1226,662,85,1,1548.36
1227,663,187,5,116.57
1228,664,85,1,1548.36
1229,665,85,1,1319.72
1230,665,17,1,1521.63
1231,666,40,1,182.89
1232,667,56,4,1350.71
1233,668,36,1,64.17
1234,668,88,2,206.14
1235,669,88,1,206.14
1236,670,43,2,1876.83
1237,671,54,1,1116.55
1238,671,96,1,374.13
1239,672,85,2,1548.36
1240,672,88,1,206.14
1241,672,127,1,68.25
1242,673,192,5,121.94
1243,673,111,1,1394.33
1244,673,110,3,1022.04
1245,673,123,2,1332.13
1246,674,111,1,1394.33
1247,674,179,2,1752.38
1248,675,1,2,1818.9
1249,676,187,1,116.57
1250,676,176,4,798.78
1251,677,187,1,116.57
1252,678,85,1,1548.36
1253,679,85,1,1548.36
1254,680,25,1,101.44
1255,681,180,4,1705.09
1256,682,88,3,188.32
1257,683,176,3,798.78
1258,683,68,1,1620.15
1259,683,40,1,182.89
1260,683,96,3,374.13
1261,684,56,1,1350.71
1262,684,187,2,116.57
1263,684,17,1,1521.63
1264,684,185,1,1150.61
1265,685,171,2,128.74
1266,686,25,2,101.44
1267,686,179,1,1752.38
1268,687,9,1,209.95
1269,687,111,4,1394.33
1270,688,187,1,105.45
1271,689,36,1,64.17
1272,690,85,1,1548.36
1273,690,56,4,1350.71
1274,690,186,2,751.04
1275,691,111,1,1394.33
1276,691,25,1,101.44
1277,691,145,1,1102.69
1278,692,85,1,1548.36
1279,692,56,4,1350.71
1280,693,56,1,1350.71
1281,693,162,3,1652.66
1282,694,180,1,1705.09
1283,695,197,1,1959.53
1284,695,96,3,327.4
1285,696,139,1,54.33
1286,697,139,1,54.33
1287,697,140,1,235.21
1288,698,96,1,374.13
1289,699,40,3,182.89
1290,699,86,1,1329.75
1291,700,40,4,182.89
1292,701,40,2,182.89
1293,702,151,1,1212.71
1294,702,25,2,101.44
1295,703,102,2,1944.19
1296,704,85,4,1548.36
1297,705,114,3,1611.97
1298,706,40,5,182.89
1299,707,187,1,116.57
1300,708,25,3,101.44
1301,708,187,1,116.57
1302,709,1,3,1818.9
1303,709,187,1,116.57
1304,710,80,1,1501.99
1305,711,187,5,116.57
1306,712,119,2,1856.5
1307,712,187,1,116.57
1308,713,187,1,116.57
1309,713,180,3,1705.09
1310,713,40,3,182.89
1311,714,47,2,617.42
1312,714,55,3,234.09
1313,715,40,2,161.63
1314,715,21,5,1176.1
1315,715,187,1,116.57
1316,715,111,3,1394.33
1317,716,25,1,101.44
1318,717,187,2,106.93
1319,717,40,3,182.89
1320,718,40,2,182.89
1321,719,187,1,116.57
1322,719,25,4,101.44
1323,719,76,2,107.97
1324,720,187,2,116.57
1325,720,184,2,513.04
1326,720,56,2,1176.95
1327,721,187,3,102.57
1328,721,88,3,206.14
1329,722,111,4,1394.33
1330,723,27,3,672.46
1331,723,119,2,1856.5
1332,724,158,1,211.12
1333,725,36,1,64.17
1334,726,187,1,116.57
1335,726,72,5,1039.33
1336,726,34,2,606.92
1337,727,50,5,61.81
1338,727,110,1,1022.04
1339,728,85,1,1336.52
1340,729,145,1,1219.52
1341,729,111,1,1394.33
1342,730,188,1,759.13
1343,731,185,2,1150.61
1344,732,187,1,116.57
1345,732,85,5,1548.36
1346,733,187,1,116.57
1347,733,85,1,1548.36
1348,734,138,5,1573.62
1349,734,1,1,1818.9
1350,735,134,1,1106.98
1351,736,1,1,1609.52
1352,736,46,2,547.88
1353,736,187,1,116.57
1354,736,25,1,101.44
1355,737,85,1,1548.36
1356,737,139,1,50.89
1357,737,83,1,1046.86
1358,738,185,3,1150.61
1359,739,1,1,1818.9
1360,740,40,2,182.89
1361,740,132,1,849.27
1362,740,187,3,116.57
1363,741,185,2,1150.61
1364,742,56,1,1350.71
1365,742,68,2,1620.15
1366,742,179,1,1752.38
1367,743,187,2,116.57
1368,743,56,2,1215.1
1369,743,147,1,1213.76
1370,744,40,1,182.89
1371,744,197,4,1959.53
1372,745,132,1,849.27
1373,745,187,1,116.57
1374,745,139,1,54.33
1375,745,88,4,206.14
1376,746,40,1,182.89
1377,747,177,2,648.94
1378,747,187,2,116.57
1379,748,185,2,1150.61
1380,749,187,3,116.57
1381,749,96,5,374.13
1382,750,111,2,1394.33
1383,750,85,1,1412.4
1384,750,185,1,1150.61
1385,751,56,2,1350.71
1386,752,176,2,698.79
1387,752,187,1,116.57
1388,752,40,2,169.63
1389,753,187,2,116.57
1390,753,56,2,1350.71
1391,754,102,3,1944.19
1392,754,40,1,182.89
1393,755,187,1,116.57
1394,756,85,1,1548.36
1395,757,18,3,1444.26
1396,757,187,1,99.13
1397,757,134,1,1199.76
1398,758,187,1,116.57
1399,759,184,1,513.04
1400,760,24,1,722.37
1401,761,122,3,986.88
1402,761,25,1,87.82
1403,762,152,2,1737.5
1404,762,56,1,1350.71
1405,763,43,1,1876.83
1406,764,187,1,104.98
1407,764,25,2,101.44
1408,764,138,1,1573.62
1409,765,183,1,437.95
1410,765,85,1,1436.03
1411,765,14,2,1166.43
1412,766,152,3,1737.5
1413,767,81,2,1783.66
1414,767,187,2,116.57
1415,767,2,1,1405.12
1416,768,187,4,116.57
1417,768,78,2,1741.46
1418,769,185,3,1150.61
1419,770,25,3,94.22
1420,771,111,2,1394.33
1421,771,88,2,206.14
1422,772,55,1,234.09
1423,772,25,1,101.44
1424,773,135,5,1723.56
1425,773,187,1,116.57
1426,774,161,1,308.57
1427,775,187,1,109.87
1428,775,164,1,304.01
1429,775,24,1,842.71
1430,776,163,1,633.77
1431,776,187,2,116.57
1432,777,118,1,264.16
1433,777,56,2,1212.76
1434,777,88,3,206.14
1435,778,127,1,68.25
1436,778,187,1,99.49
1437,778,180,2,1705.09
1438,779,190,3,220.41
1439,780,176,2,746.36
1440,780,180,1,1705.09
1441,781,85,2,1548.36
1442,782,96,1,374.13
1443,783,187,1,116.57
1444,783,127,1,68.25
1445,784,56,3,1350.71
1446,784,187,1,116.57
1447,785,180,2,1705.09
1448,786,87,3,759.22
1449,787,74,1,1873.3
1450,787,4,1,1938.94
1451,787,138,1,1573.62
1452,788,133,3,1933.11
1453,788,48,1,995.87
1454,789,16,2,1715.95
1455,789,36,1,64.17
1456,790,85,4,1548.36
1457,790,12,2,419.88
1458,791,25,1,101.44
1459,791,180,2,1493.77
1460,791,85,1,1416.61
1461,792,187,4,104.12
1462,793,85,1,1548.36
1463,793,40,1,182.89
1464,794,40,1,162.71
1465,794,65,4,1118.16
1466,794,135,2,1867.32
1467,795,163,1,573.32
1468,795,187,1,116.57
1469,795,162,1,1652.66
1470,795,56,1,1350.71
1471,796,180,3,1705.09
1472,797,56,1,1350.71
1473,798,81,4,1783.66
1474,798,176,1,798.78
1475,799,111,1,1394.33
1476,799,196,1,1807.16
1477,800,176,1,680.1
1478,800,111,1,1394.33
1479,800,25,2,101.44
1480,800,190,3,195.85
1481,801,103,1,1010.97
1482,802,40,1,182.89
1483,803,81,2,1783.66
1484,803,87,1,759.22
1485,804,22,2,1306.35
1486,804,138,1,1573.62
1487,804,36,1,64.17
1488,804,187,1,116.57
1489,805,187,1,116.57
1490,805,85,2,1323.2
1491,805,34,1,706.15
1492,805,122,1,986.88
1493,806,123,1,1332.13
1494,807,40,2,165.73
1495,808,65,2,1118.16
1496,809,3,3,545.69
1497,809,48,1,1050.45
1498,810,139,2,54.33
1499,811,4,4,1938.94
1500,812,187,1,103.79
1501,812,57,1,527.47
1502,813,138,1,1410.48
1503,814,40,2,182.89
1504,814,81,2,1783.66
1505,815,105,2,46.61
1506,816,40,3,182.89
1507,816,85,5,1548.36
1508,817,18,5,1444.26
1509,817,36,1,64.17
1510,818,29,1,223.84
1511,818,187,1,116.57
1512,818,84,1,644.86
1513,819,187,1,116.57
1514,819,163,2,592.74
1515,819,19,1,874.98
1516,820,88,1,206.14
1517,821,40,1,182.89
1518,822,85,1,1413.64
1519,822,17,1,1521.63
1520,822,47,1,675.84
1521,823,28,1,305.3
1522,823,17,2,1521.63
1523,824,96,1,374.13
1524,825,145,1,1219.52
1525,826,187,3,116.57
1526,826,141,1,1662.1
1527,827,40,1,182.89
1528,827,25,1,101.44
1529,828,187,1,116.57
1530,828,85,1,1548.36
1531,828,56,4,1350.71
1532,829,187,1,116.57
1533,829,139,2,54.33
1534,830,187,1,100.59
1535,830,1,1,1818.9
1536,831,187,1,116.57
1537,831,139,1,54.33
1538,831,146,1,1737.99
1539,832,111,1,1394.33
1540,833,56,1,1350.71
1541,834,75,3,345.09
1542,835,187,2,116.57
1543,836,17,1,1399.42
1544,836,103,2,1010.97
1545,836,91,1,1742.12
1546,836,22,1,1306.35
1547,837,65,1,1118.16
1548,837,56,2,1350.71
1549,838,36,1,64.17
1550,838,187,1,116.57
1551,838,111,1,1394.33
1552,839,159,3,150.85
1553,840,40,1,182.89
1554,840,181,2,105.12
1555,840,8,5,558.31
1556,840,56,1,1350.71
1557,841,40,2,182.89
1558,842,85,3,1548.36
1559,843,100,1,540.5
1560,843,56,1,1350.71
1561,844,40,2,182.89
1562,844,25,3,90.9
1563,845,85,2,1548.36
1564,846,180,1,1490.5
1565,846,187,1,116.57
1566,847,54,1,1116.55
1567,847,56,4,1350.71
1568,848,145,1,1048.81
1569,849,187,1,116.57
1570,849,134,3,1199.76
1571,849,85,1,1548.36
1572,850,138,2,1573.62
1573,850,187,1,116.57
1574,850,40,1,182.89
1575,851,187,3,116.57
1576,851,85,1,1548.36
1577,851,74,1,1873.3
1578,851,193,2,1677.94
1579,852,40,2,182.89
1580,853,180,1,1705.09
1581,853,85,1,1548.36
1582,853,138,1,1573.62
1583,854,87,1,759.22
1584,855,15,2,369.19
1585,856,187,3,116.57
1586,857,86,1,1194.28
1587,858,85,2,1548.36
1588,858,115,1,1334.6
1589,858,187,3,116.57
1590,859,133,5,1933.11
1591,859,151,1,1310.48
1592,859,122,1,877.55
1593,860,1,2,1818.9
1594,861,48,2,1050.45
1595,861,197,3,1959.53
1596,861,96,2,374.13
1597,862,187,2,106.48
1598,862,7,1,909.19
1599,863,108,4,1361.44
1600,863,22,3,1306.35
1601,864,158,3,208.03
1602,865,187,3,116.57
1603,865,1,1,1818.9
1604,865,180,1,1610.22
1605,866,187,3,102.66
1606,867,187,3,116.57
1607,867,87,1,759.22
1608,868,187,1,116.57
1609,869,187,1,116.57
1610,870,22,2,1306.35
1611,871,143,3,479.86
1612,871,100,1,633.75
1613,871,187,1,116.57
1614,872,85,1,1548.36
1615,872,187,2,116.57
1616,872,60,1,1541.69
1617,873,187,3,116.57
1618,873,40,2,166.87
1619,874,85,4,1548.36
1620,874,88,1,206.14
1621,875,40,4,182.89
1622,875,56,1,1350.71
1623,875,28,3,305.3
1624,875,187,3,116.57
1625,876,187,3,109.27
1626,877,96,1,374.13
1627,878,85,1,1548.36
1628,878,1,1,1818.9
1629,878,176,2,798.78
1630,879,85,1,1548.36
1631,879,187,5,116.57
1632,879,179,1,1524.32
1633,880,1,2,1818.9
1634,881,187,3,116.57
1635,881,85,1,1548.36
1636,882,40,1,182.89
1637,882,187,3,116.57
1638,883,182,4,378.55
1639,883,35,1,1189.6
1640,884,25,1,92.18
1641,885,115,4,1260.12
1642,886,156,2,1419.68
1643,886,88,1,206.14
1644,887,187,2,116.57
1645,887,139,1,54.33
1646,888,40,2,182.89
1647,889,31,1,356.94
1648,889,83,1,968.54
1649,890,185,1,1150.61
1650,891,180,5,1705.09
1651,892,25,1,101.44
1652,893,88,2,206.14
1653,893,87,2,695.23
1654,893,187,1,107.6
1655,894,54,1,1116.55
1656,895,25,2,101.44
1657,896,187,1,116.57
1658,897,180,5,1705.09
1659,897,1,3,1818.9
1660,898,88,1,206.14
1661,899,85,2,1548.36
1662,899,181,1,105.12
1663,900,81,1,1783.66
1664,900,187,5,116.57
1665,901,85,4,1318.81
1666,901,120,1,806.6
1667,902,187,1,116.57
1668,902,164,1,263.5
1669,902,197,2,1959.53
1670,902,133,2,1933.11
1671,903,81,1,1783.66
1672,903,56,1,1350.71
1673,904,185,2,1150.61
1674,904,40,1,182.89
1675,905,71,2,595.31
1676,905,105,1,46.61
1677,905,187,1,116.57
1678,906,180,1,1705.09
1679,907,85,3,1353.91
1680,908,68,2,1620.15
1681,908,99,1,408.14
1682,908,48,1,1050.45
1683,908,187,5,116.57
1684,909,187,3,116.57
1685,910,187,1,116.57
1686,911,56,2,1350.71
1687,912,1,3,1818.9
1688,913,36,1,56.59
1689,914,111,4,1304.03
1690,914,179,1,1566.0
1691,914,180,1,1705.09
1692,915,83,1,1046.86
1693,915,187,1,105.1
1694,916,62,1,1607.38
1695,916,58,1,1325.32
1696,916,56,1,1350.71
1697,916,85,2,1548.36
1698,917,34,1,642.55
1699,918,86,2,1329.75
1700,918,104,3,304.06
1701,918,180,2,1705.09
1702,919,136,3,1612.44
1703,919,56,2,1350.71
1704,920,36,1,64.17
1705,921,1,1,1818.9
1706,921,36,1,64.17
1707,921,86,3,1329.75
1708,922,100,1,633.75
1709,922,187,1,116.57
1710,923,111,1,1394.33
1711,923,127,2,61.63
1712,923,88,1,206.14
1713,923,187,1,116.57
1714,924,127,1,68.25
1715,924,187,1,116.57
1716,925,180,1,1705.09
1717,926,138,1,1573.62
1718,927,56,1,1275.49
1719,928,2,2,1405.12
1720,928,122,2,868.31
1721,929,200,5,1291.76
1722,929,180,1,1705.09
1723,930,176,4,798.78
1724,930,77,3,880.93
1725,930,179,2,1752.38
1726,931,88,1,206.14
1727,931,140,2,199.96
1728,932,133,2,1933.11
1729,932,88,1,206.14
1730,933,25,3,101.44
1731,933,96,1,354.99
1732,933,182,1,378.55
1733,934,47,1,675.84
1734,935,181,1,93.05
1735,935,138,3,1573.62
1736,936,25,1,101.44
1737,937,187,3,116.57
1738,938,25,1,101.44
1739,938,75,3,345.09
1740,938,187,1,116.57
1741,939,187,3,110.34
1742,940,173,5,116.21
1743,940,187,2,116.57
1744,940,197,1,1959.53
1745,941,139,3,54.33
1746,941,187,1,116.57
1747,942,88,1,206.14
1748,942,85,1,1548.36
1749,942,187,1,116.57
1750,942,25,2,101.44
1751,943,85,2,1548.36
1752,943,88,2,192.43
1753,943,17,1,1368.88
1754,944,187,2,116.57
1755,945,88,1,206.14
1756,945,48,1,939.81
1757,946,85,1,1548.36
1758,947,187,2,107.26
1759,947,68,1,1382.85
1760,947,40,3,182.89
1761,948,47,1,576.97
1762,948,100,1,633.75
1763,948,1,1,1818.9
1764,948,40,1,182.89
1765,949,141,2,1662.1
1766,950,1,2,1818.9
1767,951,88,2,206.14
1768,951,56,1,1350.71
1769,952,22,2,1306.35
1770,953,135,1,1867.32
1771,954,25,1,101.44
1772,955,56,1,1350.71
1773,955,148,2,766.29
1774,956,34,3,706.15
1775,957,187,1,116.57
1776,958,187,1,116.57
1777,958,125,2,586.45
1778,958,85,1,1548.36
1779,959,85,5,1548.36
1780,960,139,3,51.04
1781,961,81,1,1563.23
1782,961,163,3,633.77
1783,962,24,2,842.71
1784,962,40,1,182.89
1785,963,50,1,54.61
1786,963,40,2,182.89
1787,964,187,1,116.57
1788,964,56,5,1205.77
1789,965,84,1,644.86
1790,966,110,2,1022.04
1791,966,139,1,54.33
1792,966,56,1,1350.71
1793,966,187,2,116.57
1794,967,187,3,116.57
1795,967,40,1,182.89
1796,968,85,3,1548.36
1797,969,149,1,760.26
1798,969,58,2,1143.65
1799,969,181,2,105.12
1800,969,175,1,1367.5
1801,970,187,1,116.57
1802,971,137,1,944.88
1803,971,61,1,232.43
1804,972,187,3,108.97
1805,973,187,1,116.57
1806,974,180,1,1705.09
1807,975,40,1,182.89
1808,975,188,1,759.13
1809,976,22,1,1306.35
1810,976,85,1,1548.36
1811,977,176,1,798.78
1812,977,110,1,1022.04
1813,977,85,1,1548.36
1814,978,152,2,1737.5
1815,979,85,2,1548.36
1816,979,197,1,1712.03
1817,979,187,1,104.22
1818,980,85,2,1548.36
1819,981,111,1,1394.33
1820,982,138,1,1386.31
1821,983,40,1,182.89
1822,983,166,2,346.92
1823,983,187,1,100.9
1824,984,48,3,910.14
1825,985,77,1,880.93
1826,986,85,2,1548.36
1827,986,187,2,116.57
1828,987,187,3,116.57
1829,987,22,1,1306.35
1830,987,87,2,663.98
1831,987,185,4,1150.61
1832,988,1,1,1818.9
1833,988,127,1,68.25
1834,988,72,1,1039.33
1835,988,138,1,1573.62
1836,989,85,3,1548.36
1837,989,111,1,1394.33
1838,989,179,1,1752.38
1839,989,187,3,116.57
1840,990,56,1,1350.71
1841,991,187,1,116.57
1842,992,176,1,798.78
1843,992,40,3,182.89
1844,993,171,1,128.74
1845,993,187,4,116.57
1846,993,180,1,1705.09
1847,993,85,2,1548.36
1848,994,187,1,103.49
1849,995,1,1,1818.9
1850,996,110,2,1022.04
1851,996,62,1,1833.62
1852,997,88,1,206.14
1853,997,188,2,673.14
1854,997,56,1,1208.24
1855,997,187,4,116.57
1856,998,85,1,1394.47
1857,998,70,1,1906.69
1858,998,187,2,116.57
1859,999,111,1,1310.91
1860,999,187,2,106.03
1861,1000,187,1,116.57
1862,1001,179,1,1752.38
1863,1001,143,2,430.26
1864,1002,180,1,1705.09
1865,1002,187,3,116.57
1866,1003,85,1,1548.36
1867,1003,96,1,374.13
1868,1004,40,1,182.89
1869,1005,96,1,352.01
1870,1005,187,1,116.57
1871,1006,111,2,1394.33
1872,1007,152,1,1609.95
1873,1008,29,2,223.84
1874,1008,85,2,1548.36
1875,1009,9,2,209.95
1876,1010,88,1,206.14
1877,1011,187,1,116.57
1878,1011,17,1,1521.63
1879,1011,56,4,1350.71
1880,1012,113,2,414.76
1881,1012,187,1,104.93
1882,1013,145,1,1219.52
1883,1013,36,1,64.17
1884,1013,187,1,103.77
1885,1014,187,3,116.57
1886,1015,25,2,92.55
1887,1015,187,5,116.57
1888,1016,17,2,1521.63
1889,1016,187,2,116.57
1890,1017,187,1,116.57
1891,1018,73,1,526.07
1892,1018,187,1,116.57
1893,1019,56,1,1350.71
1894,1019,187,5,116.57
1895,1019,62,3,1833.62
1896,1020,187,3,116.57
1897,1021,22,2,1306.35
1898,1021,149,4,671.35
1899,1022,40,3,182.89
1900,1022,187,3,116.57
1901,1022,188,2,759.13
1902,1022,102,1,1944.19
1903,1023,81,1,1678.84
1904,1024,96,4,374.13
1905,1024,74,1,1873.3
1906,1025,187,1,116.57
1907,1025,48,2,1050.45
1908,1025,180,3,1560.43
1909,1025,56,1,1267.55
1910,1026,1,5,1818.9
1911,1027,163,1,633.77
1912,1027,176,2,798.78
1913,1027,188,2,759.13
1914,1027,1,2,1818.9
1915,1028,187,1,116.57
1916,1028,54,2,1116.55
1917,1028,111,2,1394.33
1918,1028,173,1,124.75
1919,1029,40,1,182.89
1920,1029,187,1,116.57
1921,1030,187,2,116.57
1922,1031,160,1,1196.57
1923,1032,1,2,1558.22
1924,1032,146,4,1737.99
1925,1032,69,1,647.25
1926,1033,25,3,101.44
1927,1034,187,4,99.95
1928,1035,40,1,182.89
1929,1035,85,1,1548.36
1930,1035,187,2,116.57
1931,1036,40,2,157.75
1932,1037,40,1,182.89
1933,1038,40,1,182.89
1934,1038,56,1,1350.71
1935,1039,139,1,54.33
1936,1039,56,1,1350.71
1937,1040,187,2,116.57
1938,1040,32,2,1851.66
1939,1041,197,4,1959.53
1940,1041,142,2,1597.49
1941,1042,25,1,101.44
1942,1043,62,1,1833.62
1943,1044,17,1,1521.63
1944,1044,176,1,798.78
1945,1044,139,3,46.58
1946,1045,95,1,322.66
1947,1045,111,1,1394.33
1948,1045,165,1,1843.44
1949,1045,75,1,345.09
1950,1046,139,2,54.33
1951,1046,148,1,836.3
1952,1046,56,1,1350.71
1953,1046,85,2,1354.37
1954,1047,88,1,206.14
1955,1048,96,1,341.85
1956,1048,56,4,1350.71
1957,1049,187,1,116.57
1958,1050,85,2,1548.36
1959,1050,111,1,1292.72
1960,1051,68,4,1620.15
1961,1051,111,1,1394.33
1962,1051,187,1,116.57
1963,1051,40,1,182.89
1964,1052,113,1,414.76
1965,1052,187,1,116.57
1966,1053,20,1,1261.7
1967,1053,181,1,105.12
1968,1053,133,1,1822.05
1969,1054,36,1,64.17
1970,1054,115,1,1328.7
1971,1055,119,1,1856.5
1972,1055,56,1,1350.71
1973,1056,187,1,102.21
1974,1056,176,1,798.78
1975,1057,85,1,1548.36
1976,1057,68,2,1620.15
1977,1057,133,1,1933.11
1978,1058,180,3,1705.09
1979,1059,48,1,930.75
1980,1059,187,3,116.57
1981,1060,40,5,182.89
1982,1060,176,1,798.78
1983,1061,36,2,64.17
1984,1062,141,1,1662.1
1985,1063,85,1,1548.36
1986,1063,187,1,104.7
1987,1063,34,4,706.15
1988,1064,85,1,1380.6
1989,1064,40,1,167.42
1990,1064,180,1,1705.09
1991,1065,185,1,1150.61
1992,1066,178,1,879.18
1993,1066,187,2,116.57
1994,1066,133,1,1933.11
1995,1067,56,1,1194.26
1996,1067,110,3,1022.04
1997,1067,180,4,1548.93
1998,1068,187,2,116.57
1999,1068,139,1,46.93
2000,1069,127,1,68.25
2001,1069,136,3,1612.44
2002,1070,94,1,1665.43
2003,1071,138,2,1492.31
2004,1072,127,1,68.25
2005,1072,81,2,1783.66
2006,1072,187,4,106.09
2007,1072,138,3,1481.78
2008,1073,55,1,234.09
2009,1074,40,1,169.79
2010,1075,187,2,104.02
2011,1076,187,2,116.57
2012,1077,85,1,1412.72
2013,1077,96,1,374.13
2014,1078,187,2,116.57
2015,1079,40,3,182.89
2016,1079,187,1,116.57
2017,1080,56,1,1350.71
2018,1080,54,1,1116.55
2019,1081,96,2,374.13
2020,1081,100,1,633.75
2021,1082,187,1,116.57
2022,1082,96,3,336.37
2023,1082,161,1,308.57
2024,1083,187,3,116.57
2025,1084,187,5,109.24
2026,1085,70,1,1906.69
2027,1085,127,2,68.25
2028,1086,187,4,116.57
2029,1086,185,2,1150.61
2030,1087,1,1,1624.38
2031,1088,197,1,1725.59
2032,1089,123,3,1332.13
2033,1089,187,1,105.81
2034,1089,170,5,60.89
2035,1089,180,3,1705.09
2036,1090,187,1,116.57
2037,1091,165,3,1843.44
2038,1092,85,3,1548.36
2039,1092,187,1,116.57
2040,1093,111,1,1312.35
2041,1094,176,2,688.47
2042,1094,85,3,1548.36
2043,1095,176,1,798.78
2044,1095,85,2,1548.36
2045,1095,187,1,116.57
2046,1095,106,1,473.95
2047,1096,36,1,64.17
2048,1097,147,1,1107.88
2049,1097,192,2,121.94
2050,1098,187,3,116.57
2051,1098,76,1,107.97
2052,1099,62,1,1636.14
2053,1099,180,1,1705.09
2054,1100,96,2,346.65
2055,1101,187,2,116.57
2056,1102,40,4,182.89
2057,1103,158,1,227.56
2058,1103,40,1,182.89
2059,1104,56,1,1350.71
2060,1104,187,1,116.57
2061,1105,187,2,116.57
2062,1105,60,1,1541.69
2063,1105,9,1,209.95
2064,1106,4,1,1938.94
2065,1107,47,1,675.84
2066,1107,110,1,1022.04
2067,1108,185,4,987.11
2068,1108,180,1,1705.09
2069,1108,77,4,880.93
2070,1109,180,3,1705.09
2071,1109,187,1,116.57
2072,1110,25,1,101.44
2073,1110,36,3,64.17
2074,1111,176,1,798.78
2075,1112,180,1,1705.09
2076,1113,56,1,1350.71
2077,1113,17,1,1521.63
2078,1113,139,1,54.33
2079,1114,22,1,1156.21
2080,1114,187,4,101.92
2081,1114,32,3,1851.66
2082,1115,187,3,116.57
2083,1115,188,1,759.13
2084,1116,90,4,538.93
2085,1117,176,2,798.78
2086,1117,137,3,944.88
2087,1117,187,1,116.57
2088,1117,75,4,345.09
2089,1118,176,1,798.78
2090,1118,56,1,1350.71
2091,1119,85,1,1548.36
2092,1120,28,2,305.3
2093,1120,187,2,116.57
2094,1120,138,4,1573.62
2095,1121,85,1,1548.36
2096,1122,85,1,1548.36
2097,1123,1,2,1818.9
2098,1123,187,1,99.11
2099,1124,56,2,1350.71
2100,1124,187,4,105.54
2101,1125,25,1,101.44
2102,1125,197,1,1959.53
2103,1125,187,2,116.57
2104,1126,25,2,101.44
2105,1126,22,1,1306.35
2106,1126,40,1,182.89
2107,1127,181,1,105.12
2108,1127,85,1,1430.07
2109,1128,187,5,116.57
2110,1129,96,4,374.13
2111,1129,40,2,167.1
2112,1129,180,3,1705.09
2113,1129,48,5,1050.45
2114,1130,62,1,1833.62
2115,1131,81,1,1677.97
2116,1131,124,4,1912.09
2117,1131,40,1,182.89
2118,1131,36,1,64.17
2119,1132,40,3,182.89
2120,1133,187,1,116.57
2121,1134,75,2,345.09
2122,1135,187,2,116.57
2123,1135,96,1,374.13
2124,1135,25,1,101.44
2125,1135,60,1,1541.69
2126,1136,180,1,1705.09
2127,1137,37,1,1917.91
2128,1137,117,1,278.63
2129,1137,96,4,374.13
2130,1137,1,3,1818.9
2131,1138,168,4,323.31
2132,1139,187,1,116.57
2133,1140,185,1,1150.61
2134,1140,75,1,345.09
2135,1141,34,1,706.15
2136,1141,180,1,1705.09
2137,1142,100,2,633.75
2138,1143,40,2,182.89
2139,1144,187,3,116.57
2140,1145,187,1,116.57
2141,1146,83,1,1046.86
2142,1146,182,5,378.55
2143,1147,85,1,1548.36
2144,1148,119,1,1856.5
2145,1149,25,2,101.44
2146,1150,139,3,54.33
2147,1151,85,1,1548.36
2148,1151,40,3,182.89
2149,1151,187,3,116.57
2150,1152,48,2,936.41
2151,1153,56,1,1350.71
2152,1153,111,3,1394.33
2153,1153,17,2,1521.63
2154,1153,152,1,1737.5
2155,1154,22,2,1306.35
2156,1154,154,2,509.97
2157,1154,157,2,1636.62
2158,1155,25,1,101.44
2159,1156,187,2,116.57
2160,1156,56,1,1350.71
2161,1156,40,2,182.89
2162,1156,111,2,1394.33
2163,1157,138,1,1453.84
2164,1157,105,4,46.61
2165,1158,39,1,1569.6
2166,1159,187,1,116.57
2167,1159,120,5,806.6
2168,1159,88,2,206.14
2169,1160,36,1,64.17
2170,1160,85,2,1548.36
2171,1160,187,1,116.57
2172,1161,99,4,408.14
2173,1161,85,4,1548.36
2174,1161,187,2,100.91
2175,1162,197,2,1959.53
2176,1162,85,1,1548.36
2177,1162,187,3,116.57
2178,1162,56,2,1350.71
2179,1163,85,1,1548.36
2180,1164,187,1,116.57
2181,1165,25,5,101.44
2182,1166,147,2,1213.76
2183,1166,187,1,116.57
2184,1167,68,3,1459.74
2185,1167,46,1,547.88
2186,1167,138,4,1573.62
2187,1168,12,2,419.88
2188,1169,96,1,374.13
2189,1169,16,2,1715.95
2190,1169,187,2,116.57
2191,1169,85,3,1548.36
2192,1170,187,1,116.57
2193,1171,187,2,116.57
2194,1171,85,1,1548.36
2195,1172,25,1,101.44
2196,1172,139,3,54.33
2197,1172,88,2,206.14
2198,1172,198,1,1607.81
2199,1173,85,1,1406.43
2200,1173,40,1,182.89
2201,1173,111,1,1394.33
2202,1174,139,2,54.33
2203,1174,48,2,1050.45
2204,1174,187,1,116.57
2205,1174,150,1,736.27
2206,1175,147,4,1093.77
2207,1175,187,1,116.57
2208,1176,88,3,206.14
2209,1176,187,3,116.57
2210,1177,88,1,190.88
2211,1177,36,3,64.17
2212,1177,40,1,168.39
2213,1177,72,1,1039.33
2214,1178,60,1,1541.69
2215,1178,181,4,105.12
2216,1178,40,1,182.89
2217,1179,40,1,182.89
2218,1180,34,2,706.15
2219,1181,187,1,106.75
2220,1181,93,1,262.18
2221,1181,1,2,1818.9
2222,1182,133,1,1933.11
2223,1182,180,1,1556.89
2224,1183,62,1,1833.62
2225,1184,123,2,1332.13
2226,1184,95,1,322.66
2227,1184,187,3,116.57
2228,1185,187,3,116.57
2229,1185,1,2,1818.9
2230,1186,197,3,1959.53
2231,1187,187,2,116.57
2232,1188,44,4,1020.24
2233,1189,85,5,1548.36
2234,1189,182,1,378.55
2235,1190,187,1,116.57
2236,1190,101,2,1559.04
2237,1190,81,1,1614.69
2238,1190,85,1,1548.36
2239,1191,197,1,1792.5
2240,1192,25,1,88.79
2241,1193,187,1,116.57
2242,1194,85,4,1548.36
2243,1194,115,1,1436.22
2244,1195,40,3,182.89
2245,1195,67,1,1662.81
2246,1196,40,1,182.89
2247,1197,187,3,99.63
2248,1198,176,5,798.78
2249,1199,197,1,1959.53
2250,1199,179,1,1752.38
2251,1199,83,2,1046.86
2252,1200,103,5,1010.97
2253,1200,1,2,1722.91
2254,1201,88,1,175.75
2255,1201,187,2,116.57
2256,1202,187,2,116.57
2257,1203,152,1,1737.5
2258,1203,187,4,99.9
2259,1204,81,4,1783.66
2260,1204,85,2,1548.36
2261,1205,56,3,1350.71
2262,1205,187,1,116.57
2263,1206,146,1,1544.46
2264,1207,185,1,1150.61
2265,1208,88,1,206.14
2266,1208,200,1,1201.12
2267,1209,138,2,1573.62
2268,1210,180,1,1705.09
2269,1210,187,2,116.57
2270,1210,17,1,1521.63
2271,1210,75,1,345.09
2272,1211,192,1,121.94
2273,1211,121,1,615.18
2274,1211,187,1,116.57
2275,1212,103,2,1010.97
2276,1213,187,1,116.57
2277,1213,40,2,169.57
2278,1213,176,2,744.22
2279,1214,180,1,1705.09
2280,1215,185,1,1150.61
2281,1215,35,3,1189.6
2282,1216,156,1,1496.85
2283,1216,165,2,1843.44
2284,1217,139,2,54.33
2285,1218,85,1,1548.36
2286,1219,169,4,247.79
2287,1220,187,4,116.57
2288,1221,110,2,1022.04
2289,1222,88,1,206.14
2290,1223,176,4,798.78
2291,1224,40,2,182.89
2292,1225,161,1,308.57
2293,1225,56,1,1159.3
2294,1225,48,1,1050.45
2295,1226,36,2,64.17
2296,1227,133,2,1787.67
2297,1228,85,2,1548.36
2298,1228,192,1,112.54
2299,1228,111,1,1394.33
2300,1228,31,1,356.94
2301,1229,187,2,106.17
2302,1229,197,2,1746.94
2303,1229,40,3,155.77
2304,1230,162,1,1652.66
2305,1231,85,2,1548.36
2306,1232,187,2,116.57
2307,1232,83,3,1046.86
2308,1233,85,1,1548.36
2309,1233,176,1,695.46
2310,1234,85,1,1548.36
2311,1234,60,1,1541.69
2312,1234,187,1,116.57
2313,1235,156,1,1496.85
2314,1236,120,1,806.6
2315,1236,145,1,1117.6
2316,1237,60,1,1541.69
2317,1237,187,1,116.57
2318,1237,180,2,1705.09
2319,1238,180,2,1500.87
2320,1239,18,2,1444.26
2321,1240,187,3,116.57
2322,1241,181,4,105.12
2323,1242,187,2,116.57
2324,1243,40,1,182.89
2325,1243,123,1,1247.48
2326,1244,85,1,1436.25
2327,1245,111,1,1237.23
2328,1245,187,3,116.57
2329,1246,29,2,223.84
2330,1247,1,2,1818.9
2331,1247,190,2,220.41
2332,1247,25,2,88.1
2333,1248,87,2,705.89
2334,1248,81,1,1783.66
2335,1249,187,1,102.33
2336,1249,41,1,983.07
2337,1249,176,1,798.78
2338,1250,111,2,1394.33
2339,1250,34,2,706.15
2340,1251,25,1,88.36
2341,1251,85,1,1548.36
2342,1251,81,3,1783.66
2343,1251,180,1,1705.09
2344,1252,87,1,759.22
2345,1252,40,1,182.89
2346,1252,85,2,1548.36
2347,1253,187,1,116.57
2348,1254,9,2,209.95
2349,1255,54,1,1116.55
2350,1255,180,1,1705.09
2351,1255,161,1,308.57
2352,1256,187,5,116.57
2353,1256,40,1,182.89
2354,1257,180,1,1705.09
2355,1257,62,1,1833.62
2356,1257,48,4,996.23
2357,1257,187,1,116.57
2358,1258,187,2,116.57
2359,1259,187,3,116.57
2360,1260,96,1,374.13
2361,1260,34,2,706.15
2362,1261,22,3,1306.35
2363,1261,188,1,759.13
2364,1261,180,1,1705.09
2365,1262,85,1,1548.36
2366,1263,85,1,1548.36
2367,1264,110,1,1022.04
2368,1265,25,1,101.44
2369,1266,56,3,1350.71
2370,1266,72,2,904.74
2371,1267,176,2,798.78
2372,1267,188,1,668.81
2373,1268,111,1,1394.33
2374,1269,111,1,1394.33
2375,1269,40,1,182.89
2376,1270,25,1,101.44
2377,1270,187,1,116.57
2378,1270,164,1,304.01
2379,1270,40,1,182.89
2380,1271,85,1,1548.36
2381,1272,143,2,441.82
2382,1272,187,1,107.76
2383,1272,136,3,1612.44
2384,1273,109,2,228.26
2385,1274,34,1,706.15
2386,1274,187,1,116.57
2387,1274,85,2,1548.36
2388,1275,48,2,1050.45
2389,1275,85,2,1548.36
2390,1275,40,2,182.89
2391,1276,187,3,116.57
2392,1276,98,2,1751.51
2393,1276,111,3,1394.33
2394,1277,40,4,182.89
2395,1278,56,1,1350.71
2396,1279,194,2,215.34
2397,1279,77,3,880.93
2398,1280,40,1,182.89
2399,1280,96,2,374.13
2400,1280,146,3,1737.99
2401,1281,36,1,59.12
2402,1282,187,1,116.57
2403,1283,40,1,172.57
2404,1284,187,2,107.73
2405,1284,85,1,1548.36
2406,1284,40,5,182.89
2407,1285,187,2,116.57
2408,1285,17,1,1521.63
2409,1286,187,3,116.57
2410,1287,187,1,116.57
2411,1288,187,2,104.65
2412,1289,187,1,116.57
2413,1290,99,2,408.14
2414,1291,112,3,1017.19
2415,1291,88,3,206.14
2416,1292,139,5,54.33
2417,1293,161,2,308.57
2418,1293,187,1,105.03
2419,1294,187,1,116.57
2420,1295,56,1,1350.71
2421,1295,180,1,1705.09
2422,1296,85,3,1548.36
2423,1297,187,1,116.57
2424,1297,56,4,1350.71
2425,1298,85,3,1405.57
2426,1298,176,4,681.36
2427,1299,88,1,206.14
2428,1300,1,1,1818.9
2429,1301,25,1,101.44
2430,1301,24,2,842.71
2431,1301,176,3,798.78
2432,1302,113,1,414.76
2433,1302,42,2,991.09
2434,1303,96,4,354.13
2435,1303,176,2,798.78
2436,1303,187,2,116.57
2437,1303,1,1,1818.9
2438,1304,171,1,128.74
2439,1305,113,1,414.76
2440,1306,180,3,1705.09
2441,1306,170,1,60.89
2442,1307,187,1,102.38
2443,1307,34,4,706.15
2444,1307,184,3,478.29
2445,1308,25,1,101.44
2446,1309,187,1,107.36
2447,1310,83,1,1046.86
2448,1310,47,1,675.84
2449,1311,40,1,182.89
2450,1311,127,3,68.25
2451,1311,56,1,1232.88
2452,1311,187,3,116.57
2453,1312,139,1,54.33
2454,1313,85,1,1333.02
2455,1313,28,3,268.62
2456,1313,40,1,182.89
2457,1314,187,1,116.57
2458,1315,187,1,116.57
2459,1316,187,4,116.57
2460,1317,113,1,414.76
2461,1318,40,1,165.43
2462,1318,137,1,944.88
2463,1318,122,2,986.88
2464,1318,85,1,1548.36
2465,1319,85,1,1548.36
2466,1319,42,3,991.09
2467,1319,180,1,1705.09
2468,1320,187,1,116.57
2469,1320,40,2,182.89
2470,1321,62,1,1715.79
2471,1322,40,2,182.89
2472,1322,187,2,116.57
2473,1323,1,2,1818.9
2474,1324,187,1,108.63
2475,1324,181,4,105.12
2476,1325,96,4,374.13
2477,1325,123,1,1257.33
2478,1325,85,1,1548.36
2479,1326,151,1,1310.48
2480,1327,181,1,105.12
2481,1328,85,1,1548.36
2482,1329,187,1,116.57
2483,1329,25,3,101.44
2484,1329,36,1,64.17
2485,1330,99,5,408.14
2486,1330,176,1,798.78
2487,1330,85,1,1548.36
2488,1331,85,1,1548.36
2489,1331,1,1,1818.9
2490,1331,108,1,1361.44
2491,1331,185,2,1150.61
2492,1332,127,1,68.25
2493,1333,176,2,798.78
2494,1333,113,1,414.76
2495,1333,180,3,1705.09
2496,1334,187,3,100.95
2497,1334,56,1,1350.71
2498,1335,85,4,1399.43
2499,1335,96,1,374.13
2500,1336,187,1,116.57
2501,1336,40,2,182.89
2502,1336,22,1,1306.35
2503,1336,25,2,101.44
2504,1337,88,4,206.14
2505,1337,187,1,116.57
2506,1338,180,1,1705.09
2507,1338,109,1,260.35
2508,1339,97,1,1206.38
2509,1339,180,1,1705.09
2510,1339,186,2,843.62
2511,1340,187,1,101.34
2512,1341,180,2,1705.09
2513,1341,163,3,633.77
2514,1342,17,1,1521.63
2515,1342,152,1,1737.5
2516,1342,141,4,1501.39
2517,1342,139,1,54.33
2518,1343,180,2,1705.09
2519,1343,192,2,121.94
2520,1344,138,2,1573.62
2521,1345,12,2,419.88
2522,1345,187,1,116.57
2523,1346,133,2,1933.11
2524,1346,85,2,1548.36
2525,1346,40,2,182.89
2526,1347,111,1,1394.33
2527,1347,141,2,1493.28
2528,1347,85,1,1368.17
2529,1348,94,1,1665.43
2530,1348,183,1,487.99
2531,1348,25,1,101.44
2532,1349,74,1,1873.3
2533,1349,40,3,182.89
2534,1350,25,1,101.44
2535,1350,36,3,64.17
2536,1350,187,4,116.57
2537,1350,40,2,182.89
2538,1351,187,1,116.57
2539,1351,54,4,1116.55
2540,1352,111,3,1394.33
2541,1352,187,3,116.57
2542,1353,187,1,116.57
2543,1354,1,4,1818.9
2544,1355,187,1,116.57
2545,1355,111,1,1394.33
2546,1356,40,4,158.02
2547,1357,116,1,1482.93
2548,1357,25,1,101.44
2549,1357,187,1,116.57
2550,1358,187,1,116.57
2551,1359,85,2,1548.36
2552,1360,85,1,1548.36
2553,1361,187,1,116.57
2554,1361,173,2,124.75
2555,1362,85,2,1396.93
2556,1362,83,2,1046.86
2557,1363,189,1,1056.55
2558,1363,187,1,116.57
2559,1364,180,1,1705.09
2560,1365,1,4,1818.9
2561,1366,187,1,116.57
2562,1366,56,2,1350.71
2563,1366,180,2,1705.09
2564,1367,195,1,1690.12
2565,1367,62,3,1833.62
2566,1368,27,3,672.46
2567,1369,122,3,986.88
2568,1370,187,1,105.29
2569,1371,162,1,1652.66
2570,1372,40,4,182.89
2571,1373,200,4,1291.76
2572,1373,56,1,1350.71
2573,1374,187,1,104.08
2574,1374,176,3,798.78
2575,1374,188,1,670.15
2576,1375,96,1,374.13
2577,1375,1,1,1718.81
2578,1375,163,1,576.14
2579,1375,180,1,1466.26
2580,1376,56,2,1350.71
2581,1376,138,2,1396.59
2582,1376,103,1,1010.97
2583,1377,187,4,116.57
2584,1377,125,2,586.45
2585,1378,24,1,842.71
2586,1379,88,2,184.19
2587,1379,85,1,1548.36
2588,1379,1,3,1818.9
2589,1380,50,2,61.81
2590,1381,40,1,182.89
2591,1382,85,2,1548.36
2592,1383,87,1,759.22
2593,1383,88,1,181.62
2594,1384,110,1,1022.04
2595,1384,22,3,1306.35
2596,1385,1,2,1818.9
2597,1385,96,4,374.13
2598,1386,41,2,983.07
2599,1387,40,2,182.89
2600,1387,56,1,1350.71
2601,1388,113,4,371.42
2602,1389,187,4,116.57
2603,1389,143,3,479.86
2604,1390,85,2,1548.36
2605,1390,187,1,116.57
2606,1390,88,1,183.7
2607,1391,85,1,1548.36
2608,1392,179,1,1752.38
2609,1393,187,1,116.57
2610,1394,40,2,182.89
2611,1394,187,1,101.62
2612,1394,34,1,706.15
2613,1395,161,1,308.57
2614,1396,40,1,182.89
2615,1397,34,1,706.15
2616,1398,121,1,615.18
2617,1398,56,1,1350.71
2618,1399,187,1,116.57
2619,1399,56,1,1350.71
2620,1399,96,1,374.13
2621,1399,79,1,1785.41
2622,1400,181,2,105.12
2623,1401,179,1,1752.38
2624,1401,180,2,1705.09
2625,1402,40,5,163.4
2626,1402,1,2,1818.9
2627,1403,56,1,1350.71
2628,1403,138,1,1573.62
2629,1404,85,1,1548.36
2630,1405,40,2,182.89
2631,1406,95,2,322.66
2632,1407,139,2,54.33
2633,1408,136,2,1479.07
2634,1409,54,4,1116.55
2635,1409,56,1,1350.71
2636,1410,85,2,1548.36
2637,1411,138,1,1404.2
2638,1412,124,1,1912.09
2639,1413,180,1,1467.71
2640,1414,1,1,1818.9
2641,1415,187,1,116.57
2642,1416,187,1,116.57
2643,1417,197,1,1959.53
2644,1417,187,2,116.57
2645,1418,62,1,1833.62
2646,1418,122,2,986.88
2647,1419,187,2,101.53
2648,1419,102,1,1944.19
2649,1419,62,4,1833.62
2650,1419,152,3,1737.5
2651,1420,138,3,1573.62
2652,1421,187,1,116.57
2653,1421,85,2,1548.36
2654,1422,56,4,1265.16
2655,1423,34,4,706.15
2656,1423,187,2,116.57
2657,1423,107,2,280.14
2658,1424,88,2,206.14
2659,1425,111,3,1394.33
2660,1425,31,4,356.94
2661,1425,180,1,1705.09
2662,1426,156,1,1496.85
2663,1427,17,2,1521.63
2664,1428,187,1,116.57
2665,1428,71,1,595.31
2666,1429,136,1,1612.44
2667,1430,153,3,792.78
2668,1430,91,1,1623.28
2669,1430,22,3,1122.22
2670,1431,187,1,116.57
2671,1431,85,3,1548.36
2672,1431,29,1,223.84
2673,1432,104,1,304.06
2674,1433,192,3,121.94
2675,1433,85,3,1548.36
2676,1434,187,1,108.2
2677,1434,1,3,1818.9
2678,1434,139,1,54.33
2679,1435,85,2,1548.36
2680,1435,17,2,1323.13
2681,1435,115,1,1436.22
2682,1435,40,1,182.89
2683,1436,127,2,68.25
2684,1436,165,1,1843.44
2685,1436,170,3,54.02
2686,1436,187,1,116.57
2687,1437,88,1,206.14
2688,1437,129,1,1274.9
2689,1438,188,1,682.98
2690,1439,187,2,116.57
2691,1440,192,2,121.94
2692,1441,144,3,1070.45
2693,1442,37,2,1917.91
2694,1442,56,1,1350.71
2695,1442,180,2,1705.09
2696,1443,18,1,1444.26
2697,1443,40,1,182.89
2698,1443,133,2,1933.11
2699,1444,187,3,116.57
2700,1445,187,1,116.57
2701,1445,133,3,1722.76
2702,1446,187,1,116.57
2703,1447,64,1,93.11
2704,1447,56,1,1350.71
2705,1447,187,1,102.9
2706,1448,85,1,1548.36
2707,1448,187,1,116.57
2708,1448,180,2,1705.09
2709,1448,96,2,374.13
2710,1449,40,1,182.89
2711,1450,187,1,105.46
2712,1450,88,3,175.61
2713,1450,96,1,374.13
2714,1451,36,3,58.45
2715,1451,56,3,1350.71
2716,1451,139,3,54.33
2717,1452,85,1,1548.36
2718,1453,197,2,1959.53
2719,1453,25,1,101.44
2720,1454,133,2,1933.11
2721,1455,187,3,116.57
2722,1456,96,5,374.13
2723,1456,145,1,1219.52
2724,1456,111,2,1394.33
2725,1456,187,2,104.52
2726,1457,47,1,675.84
2727,1457,1,2,1818.9
2728,1457,187,2,116.57
2729,1458,40,1,182.89
2730,1458,85,3,1548.36
2731,1458,180,4,1705.09
2732,1459,62,4,1833.62
2733,1459,111,5,1394.33
2734,1459,187,1,116.57
2735,1460,85,1,1470.0
2736,1460,187,1,116.57
2737,1461,14,4,1166.43
2738,1461,66,4,657.61
2739,1461,88,1,180.33
2740,1462,176,1,798.78
2741,1463,85,1,1548.36
2742,1463,25,2,101.44
2743,1464,187,1,116.57
2744,1464,56,1,1350.71
2745,1464,136,1,1612.44
2746,1464,25,1,87.65
2747,1465,200,2,1291.76
2748,1466,187,2,116.57
2749,1466,53,2,296.83
2750,1467,180,2,1705.09
2751,1467,75,3,345.09
2752,1467,193,1,1851.11
2753,1468,187,1,116.57
2754,1469,96,3,374.13
2755,1469,187,2,116.57
2756,1469,40,1,182.89
2757,1470,18,4,1365.8
2758,1470,6,4,1274.95
2759,1470,187,1,116.57
2760,1471,129,3,1274.9
2761,1471,54,1,1116.55
2762,1471,172,2,364.96
2763,1472,90,3,538.93
2764,1473,85,2,1548.36
2765,1474,180,2,1705.09
2766,1474,68,5,1620.15
2767,1475,185,1,1034.59
2768,1475,187,2,108.54
2769,1476,3,3,545.69
2770,1477,139,1,54.33
2771,1477,60,2,1541.69
2772,1478,62,1,1833.62
2773,1479,187,2,116.57
2774,1479,81,1,1783.66
2775,1480,187,1,116.57
2776,1480,88,3,192.79
2777,1481,197,1,1959.53
2778,1481,185,4,1150.61
2779,1482,149,2,760.26
2780,1483,40,1,182.89
2781,1484,187,2,116.57
2782,1485,1,5,1818.9
2783,1486,187,3,116.57
2784,1487,40,1,182.89
2785,1487,171,1,128.74
2786,1488,60,5,1351.72
2787,1488,187,1,116.57
2788,1488,171,1,118.77
2789,1489,187,1,99.55
2790,1489,133,1,1933.11
2791,1490,185,2,1150.61
2792,1491,187,1,116.57
2793,1491,40,5,169.17
2794,1491,163,1,633.77
2795,1492,37,1,1917.91
2796,1493,187,2,116.57
2797,1493,25,1,101.44
2798,1493,133,3,1933.11
2799,1493,119,4,1856.5
2800,1494,48,3,1050.45
2801,1494,68,2,1620.15
2802,1495,102,1,1944.19
2803,1496,187,4,105.22
2804,1497,181,1,105.12
2805,1497,187,4,105.07
2806,1498,146,1,1562.09
2807,1499,180,1,1705.09
2808,1499,68,1,1620.15
2809,1499,88,1,206.14
2810,1500,187,2,116.57
2811,1500,54,1,1116.55
2812,1501,187,2,116.57
2813,1502,40,4,182.89
2814,1502,187,1,116.57
2815,1503,85,1,1548.36
2816,1504,185,1,1150.61
2817,1505,187,2,116.57
2818,1505,44,1,1151.59
2819,1505,111,3,1394.33
2820,1505,152,1,1737.5
2821,1506,135,1,1867.32
2822,1507,15,1,369.19
2823,1508,174,2,1190.06
2824,1509,164,2,304.01
2825,1509,187,2,105.43
2826,1509,68,2,1620.15
2827,1509,1,2,1818.9
2828,1510,187,1,99.77
2829,1510,85,1,1548.36
2830,1511,151,1,1310.48
2831,1511,197,3,1800.86
2832,1512,30,1,1183.12
2833,1512,141,1,1662.1
2834,1513,25,2,96.04
2835,1513,97,1,1206.38
2836,1513,187,1,116.57
2837,1513,119,1,1856.5
2838,1514,25,2,101.44
2839,1514,85,1,1548.36
2840,1515,187,2,116.57
2841,1515,180,1,1534.54
2842,1516,187,1,116.57
2843,1516,139,1,54.33
2844,1516,56,2,1350.71
2845,1516,1,5,1564.57
2846,1517,185,4,1150.61
2847,1517,134,1,1199.76
2848,1518,56,4,1350.71
2849,1518,33,4,1170.08
2850,1518,1,1,1818.9
2851,1518,35,4,1189.6
2852,1519,137,1,944.88
2853,1520,187,2,116.57
2854,1520,85,1,1346.22
2855,1521,181,1,105.12
2856,1522,163,2,633.77
2857,1522,176,3,798.78
2858,1522,36,1,55.93
2859,1523,85,5,1548.36
2860,1523,125,2,586.45
2861,1524,60,1,1375.59
2862,1525,180,3,1705.09
2863,1525,57,1,576.12
2864,1525,154,2,509.97
2865,1525,85,4,1399.23
2866,1526,96,1,350.14
2867,1527,180,1,1458.94
2868,1527,22,1,1306.35
2869,1528,161,3,308.57
2870,1528,187,1,116.57
2871,1528,149,1,760.26
2872,1528,85,2,1548.36
2873,1529,199,4,1563.15
2874,1529,85,1,1548.36
2875,1530,75,1,345.09
2876,1530,187,1,116.57
2877,1530,22,1,1306.35
2878,1531,142,1,1597.49
2879,1531,85,3,1548.36
2880,1531,187,2,116.57
2881,1531,64,1,93.11
2882,1532,187,1,116.57
2883,1533,25,2,101.44
2884,1533,180,1,1705.09
2885,1534,95,1,322.66
2886,1535,187,4,116.57
2887,1536,88,1,206.14
2888,1536,62,4,1576.35
2889,1536,139,4,54.33
2890,1537,139,2,54.33
2891,1537,88,1,206.14
2892,1537,180,1,1705.09
2893,1538,180,1,1705.09
2894,1538,85,1,1548.36
2895,1538,56,3,1350.71
2896,1539,138,1,1573.62
2897,1539,180,2,1705.09
2898,1539,85,1,1411.29
2899,1539,187,2,103.53
2900,1540,187,5,116.57
2901,1540,40,1,182.89
2902,1541,187,1,100.56
2903,1541,110,3,1022.04
2904,1542,180,1,1705.09
2905,1542,170,2,52.69
2906,1542,176,1,798.78
2907,1543,95,1,322.66
2908,1543,38,1,974.44
2909,1544,187,1,102.84
2910,1545,87,5,759.22
2911,1545,85,2,1548.36
2912,1545,61,2,232.43
2913,1546,120,1,806.6
2914,1546,84,4,606.92
2915,1547,85,1,1548.36
2916,1547,80,3,1501.99
2917,1548,25,1,87.37
2918,1548,40,1,167.86
2919,1549,88,3,206.14
2920,1550,17,1,1521.63
2921,1551,40,1,182.89
2922,1552,122,2,986.88
2923,1552,187,3,116.57
2924,1553,165,5,1843.44
2925,1553,85,2,1366.2
2926,1554,123,3,1207.71
2927,1555,48,1,962.05
2928,1555,67,1,1457.61
2929,1556,86,2,1329.75
2930,1557,85,2,1548.36
2931,1557,134,1,1199.76
2932,1557,198,4,1607.81
2933,1557,100,1,633.75
2934,1558,40,3,182.89
2935,1559,25,1,101.44
2936,1559,1,1,1818.9
2937,1560,83,4,994.14
2938,1561,187,1,116.57
2939,1562,1,1,1818.9
2940,1562,147,4,1213.76
2941,1563,187,1,116.57
2942,1563,146,3,1737.99
2943,1564,62,2,1833.62
2944,1565,1,1,1818.9
2945,1565,85,1,1548.36
2946,1566,43,2,1876.83
2947,1567,64,1,93.11
2948,1567,187,1,109.76
2949,1567,145,3,1219.52
2950,1567,3,1,545.69
2951,1568,156,1,1496.85
2952,1569,89,1,1498.39
2953,1570,88,1,206.14
2954,1571,123,1,1332.13
2955,1571,171,2,110.67
2956,1571,40,2,182.89
2957,1571,25,1,101.44
2958,1572,164,3,304.01
2959,1572,53,1,296.83
2960,1573,40,1,182.89
2961,1573,125,3,586.45
2962,1574,82,1,1788.92
2963,1575,185,1,1150.61
2964,1576,34,1,706.15
2965,1577,187,2,116.57
2966,1578,48,1,1050.45
2967,1579,187,1,108.07
2968,1579,112,1,1093.42
2969,1580,56,2,1248.53
2970,1581,138,1,1573.62
2971,1582,34,1,706.15
2972,1582,187,2,116.57
2973,1583,85,3,1548.36
2974,1584,88,2,185.47
2975,1584,152,1,1737.5
2976,1584,139,1,54.33
2977,1585,127,1,60.96
2978,1585,111,1,1394.33
2979,1585,187,2,116.57
2980,1586,85,1,1548.36
2981,1587,114,4,1611.97
2982,1588,25,3,101.44
2983,1589,185,1,1150.61
2984,1589,187,1,110.09
2985,1590,100,1,633.75
2986,1590,180,1,1705.09
2987,1590,185,4,1150.61
2988,1591,40,2,182.89
2989,1591,54,1,950.29
2990,1592,187,1,116.57
2991,1592,111,1,1394.33
2992,1593,96,1,374.13
2993,1593,109,1,226.65
2994,1594,181,2,90.11
2995,1595,153,1,918.17
2996,1596,124,2,1912.09
2997,1596,180,1,1705.09
2998,1596,56,3,1245.12
2999,1596,168,1,323.31
3000,1597,159,1,138.63
3001,1597,56,2,1172.62
3002,1597,187,1,116.57
3003,1598,111,4,1394.33
3004,1599,152,4,1737.5
3005,1599,103,1,1010.97
3006,1599,141,1,1662.1
3007,1599,187,2,116.57
3008,1600,180,4,1705.09
3009,1600,161,4,283.69
3010,1600,1,1,1626.0
3011,1600,187,3,116.57
3012,1601,87,1,759.22
3013,1601,56,3,1350.71
3014,1601,85,2,1548.36
3015,1602,187,1,116.57
3016,1602,85,1,1548.36
3017,1602,31,1,338.08
3018,1603,187,1,116.57
3019,1603,85,3,1548.36
3020,1604,25,2,87.84
3021,1605,48,2,1050.45
3022,1606,56,2,1350.71
3023,1606,176,1,798.78
3024,1606,88,2,206.14
3025,1606,25,1,101.44
3026,1607,32,1,1851.66
3027,1607,166,2,346.92
3028,1608,187,1,116.57
3029,1608,88,1,186.25
3030,1609,1,2,1818.9
3031,1610,85,4,1548.36
3032,1611,18,1,1444.26
3033,1611,87,4,759.22
3034,1611,187,1,116.57
3035,1612,25,1,91.17
3036,1612,195,1,1690.12
3037,1613,111,1,1394.33
3038,1613,139,1,54.33
3039,1614,17,1,1521.63
3040,1615,81,1,1652.2
3041,1615,187,1,116.57
3042,1616,139,1,54.33
3043,1616,187,1,116.57
3044,1617,109,4,260.35
3045,1618,31,1,356.94
3046,1618,56,1,1350.71
3047,1619,40,2,182.89
3048,1619,85,1,1548.36
3049,1620,181,1,105.12
3050,1621,187,2,116.57
3051,1621,85,1,1548.36
3052,1622,103,2,1010.97
3053,1622,40,3,182.89
3054,1623,4,1,1938.94
3055,1623,139,2,46.79
3056,1623,187,2,108.49
3057,1624,187,1,102.46
3058,1625,187,1,116.57
3059,1625,34,1,706.15
3060,1625,25,2,101.44
3061,1625,111,3,1394.33
3062,1626,1,1,1818.9
3063,1626,40,1,182.89
3064,1627,85,4,1548.36
3065,1627,29,1,223.84
3066,1627,40,1,182.89
3067,1628,179,1,1752.38
3068,1629,35,2,1060.8
3069,1630,127,1,68.25
3070,1630,21,2,1176.1
3071,1631,40,2,182.89
3072,1632,185,1,1150.61
3073,1632,61,1,232.43
3074,1632,187,1,110.34
3075,1633,187,2,116.57
3076,1634,80,4,1333.22
3077,1634,88,2,206.14
3078,1634,139,3,47.62
3079,1635,27,1,672.46
3080,1636,25,1,91.16
3081,1636,81,1,1783.66
3082,1636,88,1,206.14
3083,1637,187,4,116.57
3084,1638,110,2,1022.04
3085,1638,1,1,1818.9
3086,1639,187,2,116.57
3087,1640,187,1,116.57
3088,1641,109,4,260.35
3089,1642,87,1,759.22
3090,1642,37,1,1917.91
3091,1642,56,1,1183.37
3092,1643,76,1,107.97
3093,1643,187,1,116.57
3094,1644,171,2,128.74
3095,1645,138,1,1573.62
3096,1645,139,1,54.33
3097,1646,193,2,1851.11
3098,1647,25,1,89.01
3099,1648,14,2,1166.43
3100,1649,46,3,499.5
3101,1650,40,1,182.89
3102,1651,187,2,116.57
3103,1652,187,1,116.57
3104,1652,167,4,583.03
3105,1653,25,3,88.51
3106,1654,197,3,1959.53
3107,1655,187,3,116.57
3108,1655,1,2,1818.9
3109,1655,85,4,1320.89
3110,1656,17,2,1417.03
3111,1657,40,1,158.71
3112,1657,60,2,1541.69
3113,1658,180,1,1705.09
3114,1658,40,3,182.89
3115,1658,187,1,116.57
3116,1659,187,1,116.57
3117,1659,134,2,1199.76
3118,1660,111,4,1394.33
3119,1661,60,1,1541.69
3120,1661,40,1,182.89
3121,1662,17,1,1521.63
3122,1662,19,1,874.98
3123,1663,169,1,230.74
3124,1663,85,4,1548.36
3125,1663,1,2,1818.9
3126,1663,138,2,1573.62
3127,1664,187,1,116.57
3128,1665,85,1,1449.09
3129,1666,133,1,1933.11
3130,1666,123,1,1332.13
3131,1666,95,2,322.66
3132,1666,85,2,1548.36
3133,1667,1,1,1818.9
3134,1667,187,1,104.9
3135,1668,187,1,104.12
3136,1668,181,2,91.93
3137,1668,176,1,798.78
3138,1668,88,2,206.14
3139,1669,184,3,464.12
3140,1669,127,5,68.25
3141,1670,47,2,675.84
3142,1671,85,1,1548.36
3143,1671,187,3,108.43
3144,1671,111,1,1394.33
3145,1671,139,5,49.45
3146,1672,1,1,1818.9
3147,1672,85,1,1548.36
3148,1673,180,2,1539.75
3149,1674,123,3,1184.76
3150,1674,181,5,95.26
3151,1674,85,4,1548.36
3152,1675,85,1,1548.36
3153,1676,65,1,1118.16
3154,1676,85,1,1548.36
3155,1677,187,1,116.57
3156,1677,176,1,798.78
3157,1678,75,2,296.51
3158,1678,199,1,1563.15
3159,1679,40,2,182.89
3160,1679,187,1,116.57
3161,1679,110,1,1022.04
3162,1680,187,2,116.57
3163,1680,48,1,972.7
3164,1680,40,4,182.89
3165,1680,94,2,1665.43
3166,1681,54,5,1116.55
3167,1681,51,1,1464.11
3168,1682,180,1,1596.67
3169,1682,18,3,1444.26
3170,1682,187,2,116.57
3171,1682,40,2,170.93
3172,1683,83,2,1046.86
3173,1684,187,1,107.85
3174,1684,185,1,1150.61
3175,1684,25,1,88.97
3176,1685,85,2,1548.36
3177,1685,38,1,974.44
3178,1685,54,1,1116.55
3179,1685,185,1,1150.61
3180,1686,88,1,206.14
3181,1687,85,2,1548.36
3182,1687,25,1,101.44
3183,1688,141,1,1555.47
3184,1689,81,1,1580.68
3185,1690,187,2,116.57
3186,1691,187,1,116.57
3187,1691,176,2,798.78
3188,1691,184,1,513.04
3189,1692,180,1,1705.09
3190,1692,40,1,182.89
3191,1692,54,1,1116.55
3192,1693,40,4,182.89
3193,1694,109,2,260.35
3194,1694,40,1,182.89
3195,1694,88,1,206.14
3196,1695,63,4,475.05
3197,1695,104,1,279.51
3198,1695,85,1,1548.36
3199,1695,187,2,102.09
3200,1696,188,3,759.13
3201,1696,96,1,374.13
3202,1696,85,2,1548.36
3203,1696,165,1,1843.44
3204,1697,187,1,116.57
3205,1697,70,2,1906.69
3206,1698,170,4,60.89
3207,1698,179,1,1562.07
3208,1698,185,2,1150.61
3209,1699,25,1,87.23
3210,1699,138,1,1573.62
3211,1700,100,2,579.96
3212,1700,139,1,47.91
3213,1700,40,1,168.28
3214,1701,25,2,101.44
3215,1702,56,1,1350.71
3216,1702,85,1,1444.7
3217,1702,189,1,1056.55
3218,1702,92,2,435.28
3219,1703,32,2,1851.66
3220,1704,156,1,1295.83
3221,1704,187,1,116.57
3222,1704,40,4,182.89
3223,1705,62,1,1833.62
3224,1706,133,5,1933.11
3225,1706,85,3,1548.36
3226,1707,85,3,1548.36
3227,1708,88,2,206.14
3228,1708,187,1,116.57
3229,1709,22,2,1306.35
3230,1710,34,1,706.15
3231,1711,85,2,1548.36
3232,1712,180,3,1705.09
3233,1713,125,3,586.45
3234,1714,187,1,116.57
3235,1714,102,1,1818.87
3236,1714,66,1,753.8
3237,1715,40,1,182.89
3238,1715,2,2,1405.12
3239,1716,180,2,1705.09
3240,1716,187,1,104.64
3241,1716,37,1,1917.91
3242,1717,40,1,182.89
3243,1717,187,5,105.49
3244,1718,1,2,1818.9
3245,1719,133,1,1933.11
3246,1719,187,1,106.32
3247,1719,40,1,182.89
3248,1719,1,1,1818.9
3249,1720,96,1,374.13
3250,1720,40,1,182.89
3251,1721,56,1,1350.71
3252,1721,88,1,206.14
3253,1721,40,3,182.89
3254,1722,72,1,1039.33
3255,1722,36,3,64.17
3256,1723,138,1,1404.88
3257,1724,111,2,1394.33
3258,1724,180,1,1479.62
3259,1724,197,2,1959.53
3260,1725,31,1,356.94
3261,1726,85,2,1436.34
3262,1726,27,1,672.46
3263,1727,85,1,1548.36
3264,1728,60,2,1541.69
3265,1729,17,2,1521.63
3266,1729,180,2,1705.09
3267,1730,85,1,1548.36
3268,1731,185,1,1006.92
3269,1731,187,3,106.96
3270,1731,180,2,1705.09
3271,1732,17,1,1343.72
3272,1733,85,1,1396.41
3273,1733,19,2,765.83
3274,1734,187,1,116.57
3275,1734,180,1,1705.09
3276,1734,193,1,1725.54
3277,1735,40,1,166.28
3278,1735,62,1,1833.62
3279,1736,1,2,1818.9
3280,1736,54,2,1116.55
3281,1737,98,2,1530.24
3282,1737,187,1,101.75
3283,1737,85,1,1548.36
3284,1737,141,2,1662.1
3285,1738,97,2,1206.38
3286,1738,187,5,116.57
3287,1738,40,1,182.89
3288,1739,127,2,68.25
3289,1740,65,2,957.29
3290,1740,81,1,1783.66
3291,1741,187,1,101.83
3292,1742,187,1,108.2
3293,1743,184,2,513.04
3294,1743,100,2,633.75
3295,1744,187,1,116.57
3296,1744,176,1,798.78
3297,1745,75,2,345.09
3298,1745,113,1,414.76
3299,1746,88,2,206.14
3300,1746,48,1,1050.45
3301,1747,85,1,1548.36
3302,1747,56,1,1208.48
3303,1747,135,3,1867.32
3304,1748,35,4,1125.54
3305,1749,56,1,1350.71
3306,1750,187,1,106.36
3307,1751,197,5,1959.53
3308,1751,187,1,116.57
3309,1751,88,1,206.14
3310,1752,85,1,1548.36
3311,1752,40,2,182.89
3312,1752,185,1,1150.61
3313,1752,187,3,116.57
3314,1753,88,2,206.14
3315,1754,183,2,487.99
3316,1754,17,1,1521.63
3317,1755,61,1,232.43
3318,1756,46,4,547.88
3319,1757,85,1,1548.36
3320,1758,176,3,798.78
3321,1758,180,1,1705.09
3322,1759,136,1,1612.44
3323,1760,180,2,1705.09
3324,1760,115,2,1436.22
3325,1760,25,1,101.44
3326,1761,187,1,100.02
3327,1762,187,1,116.57
3328,1762,56,1,1350.71
3329,1762,35,2,1189.6
3330,1763,119,2,1629.43
3331,1763,178,1,1018.47
3332,1763,180,3,1705.09
3333,1763,85,1,1442.36
3334,1764,188,2,759.13
3335,1764,25,1,101.44
3336,1765,187,1,109.02
3337,1765,185,3,1150.61
3338,1765,76,3,107.97
3339,1766,197,1,1959.53
3340,1767,85,1,1548.36
3341,1768,155,2,487.83
3342,1769,187,1,116.57
3343,1770,187,5,116.57
3344,1770,105,2,39.65
3345,1770,3,1,545.69
3346,1771,40,1,182.89
3347,1772,188,2,759.13
3348,1772,40,1,182.89
3349,1773,176,1,715.25
3350,1773,103,2,929.2
3351,1773,56,2,1182.13
3352,1773,87,2,759.22
3353,1774,139,2,54.33
3354,1774,109,5,260.35
3355,1774,56,1,1350.71
3356,1774,28,1,284.28
3357,1775,34,3,706.15
3358,1776,85,1,1548.36
3359,1776,168,1,323.31
3360,1776,176,1,798.78
3361,1776,56,2,1227.84
3362,1777,17,1,1521.63
3363,1777,85,2,1548.36
3364,1777,128,1,965.31
3365,1778,173,2,124.75
3366,1779,40,3,182.89
3367,1779,193,2,1645.55
3368,1779,187,3,116.57
3369,1780,187,2,116.57
3370,1781,169,1,247.79
3371,1781,56,2,1350.71
3372,1782,48,1,1050.45
3373,1783,85,1,1548.36
3374,1783,25,1,101.44
3375,1784,136,3,1378.94
3376,1785,115,1,1288.25
3377,1785,187,4,116.57
3378,1786,110,4,1022.04
3379,1786,40,3,182.89
3380,1786,144,1,1070.45
3381,1786,85,1,1548.36
3382,1787,187,1,116.57
3383,1788,176,1,798.78
3384,1788,62,1,1833.62
3385,1789,110,2,969.22
3386,1789,180,1,1705.09
3387,1790,192,1,121.94
3388,1790,85,1,1443.82
3389,1791,40,3,182.89
3390,1791,187,2,100.97
3391,1792,197,1,1959.53
3392,1792,187,2,116.57
3393,1792,181,1,91.08
3394,1793,23,1,166.53
3395,1793,131,2,297.01
3396,1794,187,4,116.57
3397,1795,197,1,1810.62
3398,1796,4,1,1938.94
3399,1797,181,1,94.57
3400,1798,54,4,1041.03
3401,1799,25,3,101.44
3402,1800,56,1,1350.71
3403,1800,187,3,102.08
3404,1800,190,3,220.41
3405,1800,53,3,258.8
3406,1801,40,1,182.89
3407,1801,187,1,116.57
3408,1802,1,2,1818.9
3409,1803,138,3,1401.12
3410,1804,40,1,182.89
3411,1804,193,2,1583.49
3412,1805,127,2,68.25
3413,1806,57,1,576.12
3414,1806,25,2,101.44
3415,1806,187,1,116.57
3416,1807,78,1,1984.9
3417,1807,25,1,101.44
3418,1807,68,2,1620.15
3419,1808,71,1,595.31
3420,1809,66,1,698.27
3421,1810,88,1,181.98
3422,1810,102,1,1702.83
3423,1810,17,1,1521.63
3424,1811,187,2,116.57
3425,1811,85,2,1461.14
3426,1812,30,2,1183.12
3427,1812,56,2,1350.71
3428,1813,176,1,798.78
3429,1814,85,1,1335.08
3430,1815,171,1,111.98
3431,1815,176,2,798.78
3432,1816,85,1,1337.37
3433,1816,15,1,338.32
3434,1816,176,2,798.78
3435,1817,187,2,105.79
3436,1817,6,1,1439.16
3437,1818,187,2,116.57
3438,1819,85,1,1548.36
3439,1820,48,3,1050.45
3440,1821,36,3,64.17
3441,1822,68,5,1620.15
3442,1822,187,1,116.57
3443,1822,85,2,1548.36
3444,1823,110,2,1022.04
3445,1824,156,1,1496.85
3446,1824,25,1,101.44
3447,1825,36,1,64.17
3448,1825,180,1,1705.09
3449,1825,187,1,116.57
3450,1826,4,3,1690.6
3451,1827,85,1,1548.36
3452,1828,85,1,1548.36
3453,1828,56,1,1218.05
3454,1828,40,2,182.89
3455,1829,179,1,1752.38
3456,1830,119,5,1856.5
3457,1831,35,1,1189.6
3458,1832,27,4,672.46
3459,1832,187,5,102.81
3460,1832,81,2,1783.66
3461,1832,40,3,182.89
3462,1833,123,1,1332.13
3463,1833,1,3,1818.9
3464,1834,25,2,101.44
3465,1834,187,2,116.57
3466,1834,96,1,374.13
3467,1834,3,1,545.69
3468,1835,187,1,116.57
3469,1835,87,1,692.09
3470,1835,37,3,1917.91
3471,1836,179,1,1752.38
3472,1837,187,1,116.57
3473,1837,197,2,1959.53
3474,1837,85,1,1548.36
3475,1838,187,2,99.81
3476,1838,196,1,1688.57
3477,1839,36,1,64.17
3478,1839,37,1,1917.91
3479,1840,85,4,1548.36
3480,1840,48,1,942.86
3481,1840,96,2,374.13
3482,1841,187,1,101.02
3483,1841,143,1,479.86
3484,1841,110,2,951.46
3485,1842,176,1,707.17
3486,1843,187,1,116.57
3487,1844,141,1,1662.1
3488,1845,58,1,1325.32
3489,1846,146,1,1737.99
3490,1846,68,1,1620.15
3491,1846,185,1,1150.61
3492,1847,85,2,1330.3
3493,1848,176,2,715.33
3494,1848,85,1,1548.36
3495,1849,187,2,99.83
3496,1849,56,1,1350.71
3497,1849,48,2,1050.45
3498,1849,62,1,1833.62
3499,1850,91,1,1874.83
3500,1850,40,3,182.89
3501,1851,91,1,1874.83
3502,1852,176,1,798.78
3503,1852,85,1,1548.36
3504,1853,48,1,1050.45
3505,1853,156,2,1496.85
3506,1853,1,1,1818.9
3507,1854,87,1,759.22
3508,1855,149,1,685.82
3509,1856,176,1,798.78
3510,1857,187,1,106.38
3511,1858,137,5,944.88
3512,1859,187,3,116.57
3513,1859,180,1,1705.09
3514,1859,56,2,1350.71
3515,1860,184,1,454.02
3516,1861,51,1,1443.43
3517,1862,56,2,1350.71
3518,1863,198,1,1607.81
3519,1863,111,1,1394.33
3520,1864,96,1,374.13
3521,1865,85,4,1548.36
3522,1865,40,1,182.89
3523,1866,187,1,116.57
3524,1867,56,1,1259.88
3525,1867,187,2,116.57
3526,1867,123,1,1332.13
3527,1867,157,1,1636.62
3528,1868,56,1,1350.71
3529,1868,187,1,116.57
3530,1869,187,2,102.63
3531,1869,40,4,182.89
3532,1870,187,2,116.57
3533,1870,130,1,228.78
3534,1871,85,1,1455.79
3535,1872,180,1,1705.09
3536,1872,40,2,182.89
3537,1873,91,1,1874.83
3538,1873,85,2,1548.36
3539,1874,40,1,182.89
3540,1874,187,1,116.57
3541,1875,180,1,1705.09
3542,1876,14,2,1067.18
3543,1877,187,2,116.57
3544,1878,187,1,116.57
3545,1878,14,5,1166.43
3546,1879,48,2,1050.45
3547,1880,165,1,1843.44
3548,1881,85,4,1548.36
3549,1881,172,1,321.78
3550,1881,62,1,1833.62
3551,1882,187,1,116.57
3552,1883,180,1,1705.09
3553,1883,187,2,116.57
3554,1884,133,1,1933.11
3555,1885,48,2,1050.45
3556,1886,147,2,1213.76
3557,1886,56,1,1350.71
3558,1886,181,1,105.12
3559,1887,169,1,247.79
3560,1887,187,2,116.57
3561,1887,180,2,1705.09
3562,1888,187,1,116.57
3563,1889,187,3,116.57
3564,1889,83,1,1046.86
3565,1889,180,2,1705.09
3566,1889,106,1,473.95
3567,1890,187,3,109.4
3568,1890,155,1,487.83
3569,1890,85,1,1548.36
3570,1891,111,3,1394.33
3571,1892,96,1,374.13
3572,1893,187,5,116.57
3573,1893,25,1,92.49
3574,1893,36,2,58.7
3575,1894,102,2,1944.19
3576,1895,185,1,1150.61
3577,1896,56,2,1223.08
3578,1896,110,1,1022.04
3579,1896,181,1,105.12
3580,1897,187,2,116.57
3581,1898,27,1,588.64
3582,1898,48,2,959.85
3583,1898,18,2,1444.26
3584,1899,56,1,1196.25
3585,1899,141,1,1531.45
3586,1899,1,3,1818.9
3587,1900,96,1,374.13
3588,1900,187,2,116.57
3589,1900,133,1,1933.11
3590,1900,85,1,1548.36
3591,1901,187,2,116.57
3592,1901,86,2,1147.84
3593,1902,187,2,116.57
3594,1902,85,1,1347.87
3595,1903,187,1,116.57
3596,1904,187,2,116.57
3597,1904,85,3,1548.36
3598,1904,40,1,182.89
3599,1905,45,1,956.98
3600,1905,187,1,116.57
3601,1905,85,1,1548.36
3602,1906,96,1,324.56
3603,1907,111,2,1394.33
3604,1908,88,2,206.14
3605,1908,187,4,116.57
3606,1909,180,1,1705.09
3607,1910,197,1,1959.53
3608,1910,187,2,116.57
3609,1911,138,1,1573.62
3610,1912,103,2,1010.97
3611,1912,47,1,675.84
3612,1913,162,1,1652.66
3613,1913,187,1,116.57
3614,1914,140,1,235.21
3615,1914,25,1,101.44
3616,1915,197,1,1835.28
3617,1915,40,1,182.89
3618,1916,187,4,116.57
3619,1917,187,2,102.24
3620,1918,185,1,1150.61
3621,1918,187,1,116.57
3622,1918,152,1,1737.5
3623,1919,85,4,1548.36
3624,1919,56,1,1350.71
3625,1919,25,1,101.44
3626,1920,111,2,1394.33
3627,1920,85,1,1548.36
3628,1920,88,1,206.14
3629,1920,17,1,1334.24
3630,1921,187,1,116.57
3631,1922,56,1,1150.75
3632,1922,187,1,107.9
3633,1922,95,1,322.66
3634,1923,165,2,1739.25
3635,1924,185,1,1150.61
3636,1924,88,1,206.14
3637,1925,187,3,116.57
3638,1926,111,1,1394.33
3639,1927,18,2,1444.26
3640,1928,40,4,182.89
3641,1929,156,1,1496.85
3642,1929,25,1,89.89
3643,1930,180,3,1705.09
3644,1931,176,1,694.26
3645,1932,56,1,1350.71
3646,1933,85,4,1548.36
3647,1933,111,3,1394.33
3648,1934,187,1,116.57
3649,1935,48,5,1050.45
3650,1935,25,1,101.44
3651,1936,40,1,182.89
3652,1937,187,3,116.57
3653,1937,25,4,90.22
3654,1937,48,1,1050.45
3655,1938,18,2,1277.08
3656,1939,187,2,116.57
3657,1939,39,1,1449.72
3658,1940,111,1,1394.33
3659,1940,85,2,1548.36
3660,1940,15,2,333.64
3661,1940,87,1,759.22
3662,1941,169,2,247.79
3663,1941,124,4,1808.4
3664,1942,25,1,101.44
3665,1942,187,2,116.57
3666,1942,152,2,1737.5
3667,1943,51,2,1655.88
3668,1943,56,5,1350.71
3669,1943,85,3,1548.36
3670,1944,85,1,1548.36
3671,1945,185,2,992.46
3672,1946,197,1,1959.53
3673,1947,85,4,1325.21
3674,1947,187,3,116.57
3675,1948,187,3,105.01
3676,1949,187,5,116.57
3677,1950,96,1,323.9
3678,1951,187,1,116.57
3679,1952,187,1,116.57
3680,1953,3,2,545.69
3681,1953,152,1,1737.5
3682,1953,1,1,1818.9
3683,1954,33,1,1170.08
3684,1954,187,1,116.57
3685,1954,123,3,1332.13
3686,1954,152,2,1737.5
3687,1955,40,3,182.89
3688,1955,173,1,113.88
3689,1955,90,1,469.79
3690,1956,3,1,545.69
3691,1956,138,4,1438.23
3692,1956,85,2,1548.36
3693,1956,131,2,297.01
3694,1957,40,5,182.89
3695,1957,112,1,1170.19
3696,1957,37,2,1917.91
3697,1958,187,2,116.57
3698,1959,110,3,1022.04
3699,1960,187,1,116.57
3700,1961,88,1,181.07
3701,1961,65,1,1118.16
3702,1961,176,1,688.11
3703,1961,1,4,1818.9
3704,1962,187,1,116.57
3705,1962,85,5,1548.36
3706,1963,10,2,1807.06
3707,1963,187,2,116.57
3708,1964,187,1,116.57
3709,1965,141,1,1662.1
3710,1965,122,1,986.88
3711,1965,56,2,1190.82
3712,1965,181,2,105.12
3713,1966,25,2,101.44
3714,1966,163,5,633.77
3715,1966,187,2,116.57
3716,1966,85,1,1548.36
3717,1967,109,1,260.35
3718,1967,187,5,103.49
3719,1968,187,3,116.57
3720,1969,187,1,116.57
3721,1970,85,2,1548.36
3722,1971,89,1,1498.39
3723,1971,85,1,1316.74
3724,1971,40,4,182.89
3725,1971,17,5,1521.63
3726,1972,180,2,1705.09
3727,1973,40,1,182.89
3728,1973,187,2,116.57
3729,1973,88,2,206.14
3730,1974,85,2,1548.36
3731,1975,85,1,1548.36
3732,1975,36,2,64.17
3733,1976,17,1,1327.63
3734,1976,187,1,116.57
3735,1977,83,2,1046.86
3736,1977,197,2,1959.53
3737,1978,180,1,1705.09
3738,1978,117,1,278.63
3739,1979,187,2,116.57
3740,1979,17,1,1521.63
3741,1979,22,4,1306.35
3742,1980,176,1,798.78
3743,1980,85,1,1548.36
3744,1981,111,2,1394.33
3745,1981,187,1,116.57
3746,1982,85,1,1548.36
3747,1982,81,1,1663.55
3748,1983,48,1,1050.45
3749,1983,56,1,1350.71
3750,1983,1,1,1818.9
3751,1984,40,2,182.89
3752,1984,156,1,1496.85
3753,1985,85,2,1548.36
3754,1985,87,1,759.22
3755,1985,163,1,633.77
3756,1986,40,1,182.89
3757,1986,56,1,1350.71
3758,1987,40,1,182.89
3759,1988,146,2,1522.19
3760,1988,180,2,1705.09
3761,1989,88,2,206.14
3762,1990,88,1,195.34
3763,1991,187,1,116.57
3764,1992,125,1,586.45
3765,1992,36,1,57.27
3766,1993,187,3,116.57
3767,1994,85,2,1548.36
3768,1994,36,3,64.17
3769,1994,88,1,206.14
3770,1995,85,2,1435.93
3771,1996,146,2,1737.99
3772,1997,85,1,1548.36
3773,1997,126,2,1745.77
3774,1998,75,5,345.09
3775,1999,187,1,108.72
3776,1999,25,1,101.44
3777,2000,56,1,1257.78
3778,2001,187,1,116.57
3779,2001,180,1,1705.09
3780,2002,139,2,48.47
3781,2002,40,2,160.33
3782,2002,85,1,1548.36
3783,2002,25,2,101.44
3784,2003,111,1,1394.33
3785,2003,47,2,621.75
3786,2004,176,2,798.78
3787,2005,56,3,1350.71
3788,2006,135,2,1867.32
3789,2007,40,2,182.89
3790,2007,197,2,1959.53
3791,2008,187,4,116.57
3792,2008,25,2,101.44
3793,2008,179,4,1752.38
3794,2009,54,1,1116.55
3795,2009,85,1,1548.36
3796,2010,48,2,1050.45
3797,2010,176,1,798.78
3798,2010,17,2,1521.63
3799,2011,182,2,378.55
3800,2012,34,3,619.22
3801,2013,65,1,1118.16
3802,2014,94,1,1665.43
3803,2015,85,1,1548.36
3804,2015,25,1,95.45
3805,2016,187,1,107.26
3806,2017,187,1,109.87
3807,2017,168,1,323.31
3808,2017,87,1,759.22
3809,2018,160,1,1101.11
3810,2019,96,1,342.04
3811,2020,188,3,759.13
3812,2020,187,1,116.57
3813,2021,187,1,116.57
3814,2022,187,3,116.57
3815,2022,1,2,1818.9
3816,2023,56,2,1350.71
3817,2023,26,1,997.6
3818,2023,62,1,1833.62
3819,2024,152,5,1737.5
3820,2025,185,1,1092.29
3821,2026,187,3,116.57
3822,2026,85,2,1548.36
3823,2027,111,1,1394.33
3824,2027,69,1,647.25
3825,2027,85,2,1548.36
3826,2028,187,1,116.57
3827,2029,87,3,759.22
3828,2030,114,4,1611.97
3829,2031,37,1,1917.91
3830,2032,136,1,1612.44
3831,2032,185,2,1150.61
3832,2033,187,1,116.57
3833,2033,40,4,182.89
3834,2034,163,1,561.99
3835,2035,85,2,1548.36
3836,2035,180,2,1457.61
3837,2035,40,2,156.17
3838,2035,187,3,116.57
3839,2036,187,4,116.57
3840,2036,85,1,1344.14
3841,2037,96,1,374.13
3842,2038,187,2,116.57
3843,2038,85,3,1548.36
3844,2038,10,1,1807.06
3845,2039,187,2,101.66
3846,2039,85,3,1350.48
3847,2040,96,2,374.13
3848,2040,101,1,1559.04
3849,2041,56,1,1350.71
3850,2042,25,2,101.44
3851,2042,83,2,1046.86
3852,2042,99,2,408.14
3853,2043,32,1,1851.66
3854,2043,83,1,1046.86
3855,2043,56,1,1350.71
3856,2044,133,1,1933.11
3857,2044,197,1,1959.53
3858,2044,110,3,1022.04
3859,2045,88,1,206.14
3860,2045,40,3,164.43
3861,2046,181,2,105.12
3862,2046,187,1,116.57
3863,2046,196,3,1807.16
3864,2047,152,2,1737.5
3865,2048,62,2,1833.62
3866,2049,40,2,182.89
3867,2049,162,2,1652.66
3868,2050,62,2,1833.62
3869,2050,88,3,206.14
3870,2050,85,4,1548.36
3871,2051,85,3,1548.36
3872,2051,187,2,99.22
3873,2051,27,1,672.46
3874,2051,108,1,1361.44
3875,2052,156,1,1496.85
3876,2053,57,3,576.12
3877,2054,40,1,182.89
3878,2055,40,2,158.04
3879,2056,110,1,1022.04
3880,2056,55,2,234.09
3881,2057,54,1,1116.55
3882,2057,187,3,116.57
3883,2058,179,1,1752.38
3884,2059,85,1,1548.36
3885,2059,137,1,944.88
3886,2060,1,1,1818.9
3887,2060,85,1,1548.36
3888,2061,176,1,798.78
3889,2061,88,1,206.14
3890,2062,187,4,116.57
3891,2062,136,2,1612.44
3892,2062,69,1,647.25
3893,2062,111,4,1394.33
3894,2063,40,2,182.89
3895,2063,56,1,1350.71
3896,2064,40,2,182.89
3897,2064,85,1,1548.36
3898,2064,17,1,1521.63
3899,2065,40,1,182.89
3900,2066,187,2,116.57
3901,2066,41,1,983.07
3902,2066,68,1,1620.15
3903,2067,187,1,116.57
3904,2067,138,2,1573.62
3905,2067,32,1,1851.66
3906,2068,87,1,759.22
3907,2068,96,1,374.13
3908,2068,129,2,1174.33
3909,2069,36,1,64.17
3910,2070,41,1,983.07
3911,2071,43,1,1876.83
3912,2072,56,2,1350.71
3913,2073,139,1,54.33
3914,2073,17,1,1521.63
3915,2074,180,2,1705.09
3916,2075,133,1,1680.44
3917,2075,25,2,101.44
3918,2076,187,3,100.77
3919,2076,85,1,1548.36
3920,2077,99,1,355.82
3921,2078,37,3,1917.91
3922,2078,179,1,1752.38
3923,2078,180,1,1705.09
3924,2079,189,1,1056.55
3925,2079,145,1,1219.52
3926,2079,187,1,116.57
3927,2079,164,1,304.01
3928,2080,187,4,116.57
3929,2081,85,1,1362.01
3930,2081,190,2,194.24
3931,2081,123,1,1332.13
3932,2082,96,2,374.13
3933,2083,89,2,1498.39
3934,2083,187,1,116.57
3935,2083,127,1,68.25
3936,2084,111,1,1394.33
3937,2085,56,1,1350.71
3938,2085,25,2,101.44
3939,2086,121,3,615.18
3940,2087,138,1,1573.62
3941,2088,187,3,116.57
3942,2088,96,3,374.13
3943,2089,110,1,1022.04
3944,2089,40,1,182.89
3945,2089,25,1,101.44
3946,2090,40,5,182.89
3947,2091,10,1,1807.06
3948,2091,56,1,1350.71
3949,2091,81,1,1692.11
3950,2091,48,1,1050.45
3951,2092,4,1,1938.94
3952,2093,69,2,647.25
3953,2093,187,3,116.57
3954,2093,163,1,580.7
3955,2094,197,2,1959.53
3956,2095,1,2,1818.9
3957,2096,85,1,1548.36
3958,2097,197,1,1959.53
3959,2098,180,4,1705.09
3960,2098,181,4,105.12
3961,2099,75,1,345.09
3962,2099,4,2,1938.94
3963,2100,180,1,1705.09
3964,2101,143,1,479.86
3965,2101,40,3,182.89
3966,2101,187,2,116.57
3967,2102,37,1,1917.91
3968,2103,187,1,116.57
3969,2103,138,3,1573.62
3970,2103,40,3,182.89
3971,2103,25,1,101.44
3972,2104,123,1,1332.13
3973,2104,25,1,101.44
3974,2104,161,1,308.57
3975,2104,168,1,323.31
3976,2105,85,2,1548.36
3977,2105,171,2,128.74
3978,2105,41,1,983.07
3979,2106,187,2,116.57
3980,2107,36,1,58.28
3981,2108,159,5,150.85
3982,2109,76,2,107.97
3983,2109,48,1,1050.45
3984,2109,40,1,182.89
3985,2110,180,1,1705.09
3986,2110,185,1,1150.61
3987,2111,180,1,1705.09
3988,2111,122,3,986.88
3989,2111,1,1,1818.9
3990,2112,103,1,1010.97
3991,2113,57,2,576.12
3992,2113,187,3,103.82
3993,2114,176,1,798.78
3994,2115,85,1,1548.36
3995,2115,19,1,874.98
3996,2115,180,1,1705.09
3997,2115,187,1,116.57
3998,2116,40,2,182.89
3999,2116,187,1,116.57
4000,2116,72,2,1039.33
4001,2116,139,1,54.33
4002,2117,187,1,116.57
4003,2117,97,1,1206.38
4004,2117,62,2,1833.62
4005,2118,30,1,1011.58
4006,2118,81,1,1783.66
4007,2119,176,2,798.78
4008,2120,56,1,1238.97
4009,2121,110,1,962.42
4010,2122,81,1,1783.66
4011,2123,58,4,1325.32
4012,2124,56,3,1350.71
4013,2125,188,4,663.34
4014,2125,25,1,101.44
4015,2125,40,2,182.89
4016,2126,95,2,322.66
4017,2126,187,1,101.11
4018,2127,180,1,1705.09
4019,2128,85,1,1548.36
4020,2129,110,1,1022.04
4021,2130,187,2,116.57
4022,2130,138,1,1573.62
4023,2130,40,1,182.89
4024,2130,171,1,128.74
4025,2131,187,1,116.57
4026,2131,134,1,1199.76
4027,2132,187,1,116.57
4028,2132,145,1,1219.52
4029,2133,22,1,1306.35
4030,2133,34,1,706.15
4031,2133,140,3,201.35
4032,2133,187,1,116.57
4033,2134,187,1,116.57
4034,2134,88,1,185.66
4035,2134,9,3,209.95
4036,2135,122,1,986.88
4037,2135,88,3,206.14
4038,2135,36,1,64.17
4039,2136,176,2,798.78
4040,2137,105,1,44.25
4041,2137,180,4,1705.09
4042,2138,25,3,101.44
4043,2139,152,2,1737.5
4044,2140,22,2,1306.35
4045,2141,60,3,1541.69
4046,2142,56,3,1350.71
4047,2142,187,1,116.57
4048,2143,113,3,414.76
4049,2143,31,1,356.94
4050,2143,85,1,1548.36
4051,2144,138,2,1491.57
4052,2144,85,1,1548.36
4053,2145,197,1,1959.53
4054,2146,85,2,1548.36
4055,2146,1,1,1818.9
4056,2146,36,4,64.17
4057,2147,176,1,798.78
4058,2148,22,1,1306.35
4059,2148,187,1,105.59
4060,2149,142,1,1432.44
4061,2150,185,2,979.36
4062,2151,176,3,798.78
4063,2151,85,4,1548.36
4064,2152,187,1,116.57
4065,2152,85,2,1548.36
4066,2152,56,1,1176.85
4067,2152,138,2,1573.62
4068,2153,85,1,1548.36
4069,2153,53,1,296.83
4070,2154,56,1,1350.71
4071,2154,171,1,122.26
4072,2154,170,1,60.89
4073,2154,187,1,116.57
4074,2155,85,1,1548.36
4075,2155,187,2,116.57
4076,2156,25,2,101.44
4077,2157,56,1,1350.71
4078,2158,159,2,150.85
4079,2158,56,1,1350.71
4080,2159,40,1,182.89
4081,2160,85,2,1548.36
4082,2161,85,4,1548.36
4083,2162,85,1,1548.36
4084,2162,56,5,1196.65
4085,2162,164,3,304.01
4086,2163,187,2,103.87
4087,2163,85,1,1548.36
4088,2163,147,1,1213.76
4089,2164,156,1,1496.85
4090,2164,187,1,116.57
4091,2165,2,1,1405.12
4092,2165,40,2,182.89
4093,2166,187,1,116.57
4094,2166,154,1,509.97
4095,2167,180,1,1705.09
4096,2167,181,1,98.84
4097,2168,187,1,109.51
4098,2169,22,1,1306.35
4099,2169,176,1,798.78
4100,2169,138,3,1573.62
4101,2170,65,3,1118.16
4102,2170,183,3,487.99
4103,2170,187,1,116.57
4104,2171,18,5,1444.26
4105,2171,180,1,1705.09
4106,2171,123,3,1250.42
4107,2172,197,1,1959.53
4108,2173,110,1,1022.04
4109,2173,187,1,108.01
4110,2173,180,1,1705.09
4111,2173,1,2,1818.9
4112,2174,25,1,101.44
4113,2175,170,1,60.89
4114,2175,187,1,116.57
4115,2176,111,3,1394.33
4116,2176,40,1,182.89
4117,2176,96,1,374.13
4118,2176,48,1,949.28
4119,2177,138,2,1573.62
4120,2177,88,2,206.14
4121,2177,187,1,116.57
4122,2178,191,1,1670.08
4123,2178,187,3,116.57
4124,2179,1,2,1818.9
4125,2180,177,1,648.94
4126,2180,40,1,182.89
4127,2181,187,1,105.21
4128,2182,56,1,1350.71
4129,2183,197,1,1959.53
4130,2184,162,1,1652.66
4131,2185,85,2,1548.36
4132,2186,187,3,110.68
4133,2187,88,1,206.14
4134,2187,122,4,918.85
4135,2187,114,1,1419.6
4136,2187,176,2,798.78
4137,2188,188,1,759.13
4138,2189,1,4,1818.9
4139,2190,40,2,182.89
4140,2190,187,4,116.57
4141,2190,56,2,1350.71
4142,2191,180,4,1705.09
4143,2192,151,1,1310.48
4144,2192,1,1,1818.9
4145,2193,139,3,54.33
4146,2193,187,1,116.57
4147,2193,85,1,1359.08
4148,2194,81,1,1783.66
4149,2195,180,2,1705.09
4150,2196,88,1,190.6
4151,2196,40,1,182.89
4152,2197,111,1,1394.33
4153,2198,40,1,182.89
4154,2199,25,1,101.44
4155,2199,110,1,1022.04
4156,2199,127,2,68.25
4157,2199,187,1,116.57
4158,2200,146,1,1737.99
4159,2201,85,1,1548.36
4160,2201,68,1,1424.88
4161,2201,96,5,374.13
4162,2202,187,1,100.43
4163,2203,133,1,1732.22
4164,2204,137,2,944.88
4165,2204,148,2,836.3
4166,2204,179,1,1752.38
4167,2205,85,1,1548.36
4168,2206,187,3,116.57
4169,2206,40,2,182.89
4170,2207,187,1,116.57
4171,2208,187,4,116.57
4172,2209,131,5,297.01
4173,2210,20,3,1261.7
4174,2210,7,2,909.19
4175,2210,102,1,1744.25
4176,2211,180,1,1705.09
4177,2212,119,1,1856.5
4178,2213,187,1,116.57
4179,2213,176,1,798.78
4180,2213,94,1,1665.43
4181,2213,85,4,1548.36
4182,2214,36,2,64.17
4183,2214,87,2,759.22
4184,2214,88,4,206.14
4185,2214,96,1,321.6
4186,2215,138,1,1573.62
4187,2215,187,1,116.57
4188,2215,104,2,304.06
4189,2216,54,1,1116.55
4190,2216,187,3,116.57
4191,2217,110,5,1022.04
4192,2218,187,2,116.57
4193,2219,180,1,1705.09
4194,2219,40,1,182.89
4195,2219,85,2,1548.36
4196,2220,81,2,1783.66
4197,2220,1,3,1708.08
4198,2221,86,2,1329.75
4199,2222,85,5,1548.36
4200,2222,193,4,1851.11
4201,2222,187,1,116.57
4202,2223,187,1,116.57
4203,2224,85,2,1548.36
4204,2224,96,1,374.13
4205,2224,119,1,1856.5
4206,2225,40,1,182.89
4207,2226,56,3,1350.71
4208,2226,187,1,116.57
4209,2227,85,1,1548.36
4210,2228,111,2,1394.33
4211,2229,180,1,1610.07
4212,2229,187,1,116.57
4213,2229,45,1,956.98
4214,2229,135,1,1867.32
4215,2230,197,5,1959.53
4216,2230,85,1,1548.36
4217,2231,181,1,97.36
4218,2231,187,1,116.57
4219,2232,120,1,806.6
4220,2233,85,2,1548.36
4221,2234,187,4,116.57
4222,2235,188,1,704.52
4223,2235,185,2,1092.64
4224,2236,187,2,116.57
4225,2236,40,1,182.89
4226,2237,134,1,1199.76
4227,2238,56,5,1350.71
4228,2238,85,2,1548.36
4229,2238,187,1,116.57
4230,2239,9,4,209.95
4231,2240,187,1,108.19
4232,2241,176,1,688.23
4233,2241,22,5,1228.8
4234,2242,85,2,1548.36
4235,2243,187,1,116.57
4236,2244,25,1,101.44
4237,2244,2,2,1405.12
4238,2245,187,2,109.52
4239,2246,88,2,206.14
4240,2246,25,2,101.44
4241,2246,179,2,1752.38
4242,2247,141,1,1662.1
4243,2247,187,2,99.11
4244,2247,85,1,1548.36
4245,2247,180,2,1705.09
4246,2248,185,1,1150.61
4247,2249,40,2,169.66
4248,2250,187,2,106.34
4249,2251,187,2,116.57
4250,2251,85,1,1548.36
4251,2251,25,2,101.44
4252,2251,134,2,1199.76
4253,2252,187,2,108.25
4254,2252,176,2,798.78
4255,2252,118,5,264.16
4256,2253,187,3,116.57
4257,2253,88,2,206.14
4258,2254,127,1,68.25
4259,2254,74,1,1873.3
4260,2254,105,2,46.61
4261,2255,25,1,101.44
4262,2256,10,1,1807.06
4263,2256,187,1,116.57
4264,2257,180,1,1523.6
4265,2257,138,1,1573.62
4266,2258,85,1,1428.17
4267,2259,187,1,116.57
4268,2259,111,1,1394.33
4269,2260,110,3,1022.04
4270,2260,187,2,101.97
4271,2261,180,1,1705.09
4272,2262,111,1,1394.33
4273,2263,36,3,64.17
4274,2264,163,1,633.77
4275,2264,187,1,116.57
4276,2264,40,1,182.89
4277,2265,187,2,99.6
4278,2265,85,3,1548.36
4279,2266,40,1,182.89
4280,2266,152,2,1557.81
4281,2267,187,3,107.44
4282,2267,152,1,1737.5
4283,2268,81,2,1783.66
4284,2269,85,2,1414.0
4285,2270,187,2,116.57
4286,2271,1,1,1704.57
4287,2271,117,2,278.63
4288,2272,164,1,304.01
4289,2273,132,1,849.27
4290,2273,57,3,491.96
4291,2273,111,1,1394.33
4292,2274,187,1,116.57
4293,2274,85,2,1548.36
4294,2275,54,1,1116.55
4295,2275,185,1,1150.61
4296,2276,187,2,116.57
4297,2276,14,1,1166.43
4298,2276,111,1,1227.59
4299,2276,165,1,1843.44
4300,2277,163,2,633.77
4301,2278,88,1,206.14
4302,2279,8,2,483.26
4303,2279,60,1,1317.11
4304,2280,40,1,182.89
4305,2280,136,1,1612.44
4306,2280,85,1,1548.36
4307,2281,40,1,182.89
4308,2281,85,4,1548.36
4309,2281,4,1,1938.94
4310,2282,85,2,1548.36
4311,2282,187,1,116.57
4312,2283,25,1,101.44
4313,2284,187,1,116.57
4314,2284,7,1,774.64
4315,2285,40,3,182.89
4316,2285,180,1,1506.48
4317,2285,85,2,1364.44
4318,2286,4,2,1938.94
4319,2287,85,1,1548.36
4320,2287,56,2,1162.31
4321,2288,56,1,1350.71
4322,2289,15,2,369.19
4323,2290,187,1,116.57
4324,2290,180,1,1705.09
4325,2290,110,2,1022.04
4326,2291,180,1,1705.09
4327,2292,85,1,1548.36
4328,2293,46,2,547.88
4329,2294,11,1,921.89
4330,2295,110,2,1022.04
4331,2295,88,1,206.14
4332,2296,187,1,116.57
4333,2297,102,1,1944.19
4334,2297,187,1,116.57
4335,2298,40,2,182.89
4336,2299,40,2,170.64
4337,2300,138,1,1573.62
4338,2300,187,1,116.57
4339,2300,56,1,1273.15
4340,2301,36,1,64.17
4341,2301,40,1,182.89
4342,2302,85,1,1548.36
4343,2302,40,2,182.89
4344,2302,22,2,1306.35
4345,2303,123,3,1332.13
4346,2303,85,3,1548.36
4347,2303,187,1,102.48
4348,2304,149,1,760.26
4349,2304,127,1,68.25
4350,2304,187,2,116.57
4351,2304,123,2,1332.13
4352,2305,88,1,206.14
4353,2305,12,1,419.88
4354,2305,187,2,116.57
4355,2306,187,1,116.57
4356,2306,85,1,1548.36
4357,2306,180,1,1705.09
4358,2307,187,2,116.57
4359,2307,85,2,1548.36
4360,2308,85,1,1548.36
4361,2308,197,3,1959.53
4362,2309,36,2,57.79
4363,2310,180,4,1539.93
4364,2311,187,1,116.57
4365,2312,187,2,116.57
4366,2312,95,4,322.66
4367,2313,142,3,1597.49
4368,2314,185,1,1150.61
4369,2315,40,1,182.89
4370,2315,165,4,1843.44
4371,2315,180,1,1705.09
4372,2315,25,2,101.44
4373,2316,88,2,206.14
4374,2317,85,3,1548.36
4375,2317,40,3,182.89
4376,2317,187,2,116.57
4377,2318,187,2,116.57
4378,2319,56,2,1282.36
4379,2320,178,3,1018.47
4380,2321,56,2,1241.04
4381,2322,180,4,1578.25
4382,2322,2,4,1405.12
4383,2322,25,2,101.44
4384,2323,40,2,182.89
4385,2324,187,1,116.57
4386,2325,133,1,1933.11
4387,2325,85,1,1393.07
4388,2326,79,1,1785.41
4389,2327,85,2,1427.62
4390,2328,187,2,116.57
4391,2329,187,1,116.57
4392,2329,40,2,182.89
4393,2330,184,1,513.04
4394,2330,56,3,1350.71
4395,2331,127,4,62.18
4396,2331,187,1,116.57
4397,2332,37,2,1917.91
4398,2332,102,1,1944.19
4399,2332,139,1,54.33
4400,2333,1,1,1818.9
4401,2333,56,1,1168.71
4402,2334,111,5,1394.33
4403,2335,85,1,1548.36
4404,2336,185,1,1150.61
4405,2336,110,5,951.95
4406,2337,53,5,296.83
4407,2337,180,1,1705.09
4408,2337,163,1,633.77
4409,2337,111,1,1324.28
4410,2338,50,3,61.81
4411,2338,180,1,1705.09
4412,2339,85,5,1548.36
4413,2340,197,1,1959.53
4414,2340,124,3,1912.09
4415,2341,147,3,1213.76
4416,2342,85,1,1548.36
4417,2342,62,3,1726.91
4418,2342,187,1,116.57
4419,2343,56,1,1350.71
4420,2344,85,4,1354.74
4421,2344,157,1,1636.62
4422,2345,187,2,116.57
4423,2346,40,1,182.89
4424,2346,108,1,1361.44
4425,2347,197,2,1959.53
4426,2348,85,4,1548.36
4427,2348,180,5,1705.09
4428,2348,96,3,374.13
4429,2349,1,1,1550.51
4430,2349,187,1,116.57
4431,2349,85,1,1548.36
4432,2350,1,1,1600.51
4433,2351,40,1,182.89
4434,2351,88,3,206.14
4435,2352,187,4,116.57
4436,2352,171,3,128.74
4437,2353,96,5,374.13
4438,2354,57,5,576.12
4439,2355,85,1,1548.36
4440,2356,88,1,206.14
4441,2356,180,2,1496.65
4442,2357,185,1,1087.77
4443,2358,187,1,116.57
4444,2359,54,1,979.53
4445,2360,56,1,1350.71
4446,2360,85,1,1548.36
4447,2361,1,1,1818.9
4448,2362,56,1,1350.71
4449,2362,96,4,374.13
4450,2362,180,1,1705.09
4451,2363,40,3,166.04
4452,2363,191,1,1670.08
4453,2364,40,1,182.89
4454,2365,113,1,414.76
4455,2365,40,1,182.89
4456,2366,190,1,220.41
4457,2366,40,2,163.46
4458,2366,188,1,759.13
4459,2367,179,1,1641.19
4460,2368,187,1,116.57
4461,2369,96,2,374.13
4462,2369,56,1,1350.71
4463,2370,187,1,116.57
4464,2371,115,1,1436.22
4465,2372,56,1,1350.71
4466,2372,40,1,182.89
4467,2373,40,2,182.89
4468,2374,40,2,182.89
4469,2375,187,3,106.75
4470,2376,85,1,1548.36
4471,2376,18,1,1444.26
4472,2377,123,3,1332.13
4473,2377,62,1,1833.62
4474,2377,187,2,116.57
4475,2378,187,5,116.57
4476,2378,85,2,1548.36
4477,2378,165,3,1843.44
4478,2379,88,2,206.14
4479,2380,138,2,1414.7
4480,2381,139,3,54.33
4481,2381,97,3,1093.24
4482,2382,25,1,101.44
4483,2382,85,1,1548.36
4484,2382,187,2,116.57
4485,2382,185,1,1150.61
4486,2383,187,1,116.57
4487,2384,25,5,101.44
4488,2385,187,4,116.57
4489,2386,139,1,54.33
4490,2386,85,1,1330.89
4491,2386,25,1,101.44
4492,2386,48,2,918.04
4493,2387,29,1,223.84
4494,2387,187,5,116.57
4495,2387,11,5,921.89
4496,2388,56,1,1159.41
4497,2388,187,1,116.57
4498,2388,25,2,101.44
4499,2389,187,1,116.57
4500,2389,180,4,1610.49
4501,2390,25,2,93.93
4502,2390,187,1,107.73
4503,2391,187,1,116.57
4504,2392,1,5,1555.37
4505,2392,45,3,956.98
4506,2393,56,1,1350.71
4507,2393,181,2,105.12
4508,2393,36,2,64.17
4509,2394,75,1,345.09
4510,2395,56,1,1350.71
4511,2396,85,2,1548.36
4512,2397,187,1,116.57
4513,2397,136,1,1612.44
4514,2398,68,1,1620.15
4515,2398,36,1,64.17
4516,2398,187,1,116.57
4517,2398,144,1,1070.45
4518,2399,56,1,1350.71
4519,2399,187,2,116.57
4520,2400,180,2,1508.71
4521,2401,180,1,1705.09
4522,2401,3,3,545.69
4523,2401,187,1,116.57
4524,2402,42,3,991.09
4525,2403,134,2,1199.76
4526,2404,36,1,64.17
4527,2405,40,2,163.04
4528,2406,187,1,116.57
4529,2407,2,1,1405.12
4530,2408,187,1,99.51
4531,2408,5,2,1561.71
4532,2408,180,2,1705.09
4533,2408,40,1,182.89
4534,2409,111,1,1282.1
4535,2410,85,1,1407.18
4536,2410,180,2,1705.09
4537,2410,187,1,116.57
4538,2410,139,1,54.33
4539,2411,111,2,1394.33
4540,2412,56,4,1350.71
4541,2413,187,1,108.25
4542,2414,40,1,182.89
4543,2414,187,1,116.57
4544,2415,187,1,116.57
4545,2415,111,1,1394.33
4546,2416,187,4,110.5
4547,2417,85,1,1548.36
4548,2418,152,1,1737.5
4549,2418,135,2,1867.32
4550,2419,40,3,182.89
4551,2419,56,1,1350.71
4552,2419,146,2,1737.99
4553,2420,18,2,1444.26
4554,2420,123,1,1211.49
4555,2420,169,3,247.79
4556,2421,40,2,182.89
4557,2422,187,3,108.8
4558,2423,99,1,408.14
4559,2423,187,1,116.57
4560,2424,176,1,798.78
4561,2424,68,1,1620.15
4562,2424,100,1,633.75
4563,2425,100,1,633.75
4564,2426,17,1,1330.71
4565,2426,96,2,374.13
4566,2427,187,3,116.57
4567,2428,187,1,116.57
4568,2428,176,1,749.24
4569,2429,185,1,1150.61
4570,2429,40,3,182.89
4571,2430,86,4,1329.75
4572,2430,180,1,1576.86
4573,2431,138,3,1573.62
4574,2431,187,1,116.57
4575,2432,187,1,116.57
4576,2433,48,1,965.07
4577,2434,14,1,1166.43
4578,2434,87,1,759.22
4579,2435,85,1,1548.36
4580,2435,4,2,1938.94
4581,2436,36,1,64.17
4582,2437,111,1,1311.14
4583,2438,43,1,1876.83
4584,2438,25,1,92.06
4585,2439,85,1,1548.36
4586,2439,187,1,116.57
4587,2439,180,2,1705.09
4588,2440,137,1,944.88
4589,2440,197,1,1959.53
4590,2441,56,1,1350.71
4591,2441,40,1,182.89
4592,2441,88,3,182.6
4593,2441,62,1,1833.62
4594,2442,187,2,101.35
4595,2443,24,4,797.88
4596,2444,57,1,494.81
4597,2444,141,2,1575.92
4598,2445,187,1,116.57
4599,2445,36,1,64.17
4600,2445,47,1,675.84
4601,2445,81,2,1653.88
4602,2446,197,3,1959.53
4603,2447,187,2,116.57
4604,2447,85,1,1548.36
4605,2448,85,1,1392.73
4606,2448,158,1,227.56
4607,2448,90,1,538.93
4608,2448,133,3,1933.11
4609,2449,119,2,1856.5
4610,2449,180,1,1581.08
4611,2450,124,1,1912.09
4612,2451,180,2,1705.09
4613,2451,187,1,116.57
4614,2452,185,1,1150.61
4615,2452,75,1,297.57
4616,2452,1,2,1695.18
4617,2453,187,1,116.57
4618,2454,40,1,182.89
4619,2454,187,4,116.57
4620,2454,12,2,419.88
4621,2454,88,1,206.14
4622,2455,85,2,1548.36
4623,2456,187,2,116.57
4624,2457,156,3,1496.85
4625,2458,187,1,116.57
4626,2458,88,1,206.14
4627,2459,187,2,116.57
4628,2460,137,5,832.23
4629,2460,25,1,90.35
4630,2461,85,1,1548.36
4631,2461,187,2,116.57
4632,2462,8,1,558.31
4633,2462,110,2,1022.04
4634,2462,187,2,116.57
4635,2463,199,3,1563.15
4636,2463,111,1,1394.33
4637,2464,187,4,116.57
4638,2464,85,2,1548.36
4639,2465,93,2,262.18
4640,2466,123,4,1332.13
4641,2467,122,1,871.85
4642,2468,80,3,1501.99
4643,2469,187,1,116.57
4644,2469,56,3,1350.71
4645,2470,85,3,1548.36
4646,2470,1,1,1818.9
4647,2471,187,2,116.57
4648,2472,185,1,1150.61
4649,2472,85,1,1330.6
4650,2472,187,3,116.57
4651,2473,88,2,185.38
4652,2473,25,1,101.44
4653,2473,51,2,1655.88
4654,2474,1,1,1818.9
4655,2475,147,1,1213.76
4656,2475,1,1,1818.9
4657,2475,187,2,116.57
4658,2476,187,1,116.57
4659,2477,187,1,116.57
4660,2477,85,1,1343.93
4661,2478,185,2,1150.61
4662,2478,143,1,479.86
4663,2478,138,1,1573.62
4664,2478,56,1,1350.71
4665,2479,187,1,116.57
4666,2480,40,3,182.89
4667,2481,187,4,116.57
4668,2482,85,1,1548.36
4669,2483,163,1,633.77
4670,2484,37,1,1917.91
4671,2484,96,3,374.13
4672,2484,65,1,1118.16
4673,2484,187,1,116.57
4674,2485,85,1,1548.36
4675,2485,152,2,1737.5
4676,2486,3,1,482.22
4677,2487,181,2,105.12
4678,2487,187,1,116.57
4679,2487,22,2,1306.35
4680,2488,56,1,1245.94
4681,2489,56,1,1350.71
4682,2489,110,3,1022.04
4683,2489,85,2,1548.36
4684,2489,182,1,378.55
4685,2490,40,1,182.89
4686,2490,180,2,1705.09
4687,2491,96,2,374.13
4688,2492,173,2,113.55
4689,2492,181,3,105.12
4690,2492,88,1,206.14
4691,2493,81,3,1783.66
4692,2493,138,1,1573.62
4693,2493,24,5,758.37
4694,2494,187,1,116.57
4695,2495,62,2,1833.62
4696,2496,155,2,487.83
4697,2496,1,2,1818.9
4698,2497,127,1,68.25
4699,2498,111,1,1394.33
4700,2499,85,2,1548.36
4701,2500,128,1,1118.85
4702,2500,187,1,116.57
4703,2500,88,1,206.14
4704,2501,128,3,1118.85
4705,2502,54,2,1116.55
4706,2502,188,1,759.13
4707,2503,40,2,182.89
4708,2504,56,3,1350.71
4709,2505,187,1,116.57
4710,2506,144,1,1070.45
4711,2506,85,1,1548.36
4712,2506,152,1,1737.5
4713,2506,153,1,918.17
4714,2507,85,1,1548.36
4715,2508,110,2,1022.04
4716,2508,56,2,1174.31
4717,2509,56,2,1350.71
4718,2509,85,1,1548.36
4719,2509,176,2,798.78
4720,2510,94,4,1665.43
4721,2511,187,1,107.97
4722,2512,187,1,116.57
4723,2512,4,3,1938.94
4724,2513,136,5,1390.02
4725,2513,187,4,116.57
4726,2514,77,1,880.93
4727,2515,187,2,116.57
4728,2516,60,1,1541.69
4729,2517,180,2,1705.09
4730,2518,40,2,158.64
4731,2518,56,2,1350.71
4732,2519,120,2,806.6
4733,2520,40,1,182.89
4734,2521,138,2,1573.62
4735,2522,25,4,95.79
4736,2523,184,1,513.04
4737,2523,187,3,116.57
4738,2524,88,1,206.14
4739,2524,1,1,1818.9
4740,2525,180,3,1705.09
4741,2526,88,1,206.14
4742,2526,85,3,1423.37
4743,2527,163,1,633.77
4744,2528,24,4,842.71
4745,2528,185,2,1150.61
4746,2528,85,1,1548.36
4747,2528,187,1,116.57
4748,2529,85,4,1548.36
4749,2529,101,1,1559.04
4750,2529,77,1,880.93
4751,2530,187,3,105.2
4752,2531,96,1,374.13
4753,2531,22,1,1306.35
4754,2532,187,1,116.57
4755,2532,180,1,1705.09
4756,2532,81,5,1783.66
4757,2533,187,1,105.68
4758,2534,85,1,1548.36
4759,2535,187,1,116.57
4760,2535,56,1,1350.71
4761,2535,88,2,206.14
4762,2536,100,1,633.75
4763,2536,187,1,116.57
4764,2537,1,5,1818.9
4765,2538,88,1,206.14
4766,2539,187,5,116.57
4767,2540,187,3,116.57
4768,2540,85,1,1548.36
4769,2540,180,1,1705.09
4770,2541,185,1,1150.61
4771,2541,85,1,1453.94
4772,2542,180,1,1463.3
4773,2542,19,4,874.98
4774,2543,185,1,1150.61
4775,2544,162,1,1652.66
4776,2544,22,2,1306.35
4777,2545,85,1,1548.36
4778,2546,167,2,583.03
4779,2546,40,3,182.89
4780,2547,184,1,513.04
4781,2547,109,1,260.35
4782,2547,85,2,1330.18
4783,2548,180,1,1705.09
4784,2549,111,1,1394.33
4785,2550,40,1,169.34
4786,2550,111,1,1394.33
4787,2550,123,1,1332.13
4788,2550,187,1,116.57
4789,2551,187,3,116.57
4790,2551,181,1,105.12
4791,2552,1,1,1818.9
4792,2553,92,4,496.36
4793,2553,36,1,64.17
4794,2554,56,1,1195.05
4795,2554,85,1,1367.3
4796,2555,133,4,1933.11
4797,2555,56,2,1350.71
4798,2556,187,1,116.57
4799,2556,87,3,759.22
4800,2557,180,3,1705.09
4801,2557,103,1,1010.97
4802,2557,81,1,1783.66
4803,2558,127,1,68.25
4804,2559,187,1,116.57
4805,2559,96,2,374.13
4806,2560,187,1,116.57
4807,2561,36,4,64.17
4808,2561,56,2,1350.71
4809,2561,82,1,1645.78
4810,2562,145,1,1219.52
4811,2562,187,1,116.57
4812,2562,85,2,1399.86
4813,2563,63,1,475.05
4814,2563,187,2,116.57
4815,2563,189,3,1056.55
4816,2564,180,1,1520.08
4817,2565,188,3,759.13
4818,2565,40,1,182.89
4819,2566,187,1,116.57
4820,2567,187,3,116.57
4821,2567,133,2,1933.11
4822,2568,176,1,798.78
4823,2569,187,1,116.57
4824,2569,151,1,1310.48
4825,2569,85,1,1403.08
4826,2570,187,1,116.57
4827,2571,85,4,1548.36
4828,2572,40,3,159.96
4829,2572,18,1,1444.26
4830,2573,187,1,108.4
4831,2573,96,3,374.13
4832,2573,40,1,182.89
4833,2574,163,1,633.77
4834,2574,34,4,706.15
4835,2575,187,5,116.57
4836,2576,180,1,1705.09
4837,2576,40,2,182.89
4838,2577,88,1,206.14
4839,2577,85,2,1548.36
4840,2577,22,1,1306.35
4841,2578,2,1,1405.12
4842,2579,88,2,206.14
4843,2579,180,2,1608.12
4844,2579,137,2,815.49
4845,2579,40,1,182.89
4846,2580,1,1,1818.9
4847,2581,185,2,1150.61
4848,2582,25,1,101.44
4849,2583,40,4,162.95
4850,2584,134,1,1199.76
4851,2584,187,4,116.57
4852,2585,60,1,1541.69
4853,2585,189,2,1056.55
4854,2585,183,1,487.99
4855,2586,85,3,1548.36
4856,2587,85,1,1548.36
4857,2587,185,1,1150.61
4858,2587,187,1,116.57
4859,2588,187,1,116.57
4860,2589,68,2,1620.15
4861,2589,85,1,1548.36
4862,2589,75,1,345.09
4863,2589,113,3,414.76
4864,2590,92,4,496.36
4865,2591,118,1,264.16
4866,2592,180,1,1705.09
4867,2592,106,1,473.95
4868,2593,25,1,101.44
4869,2594,40,2,163.2
4870,2595,11,1,921.89
4871,2596,25,1,101.44
4872,2596,137,1,944.88
4873,2596,100,1,633.75
4874,2596,157,2,1636.62
4875,2597,157,1,1488.6
4876,2598,121,2,526.05
4877,2598,180,1,1571.1
4878,2599,107,1,254.88
4879,2600,179,1,1645.98
4880,2600,187,1,116.57
4881,2601,139,1,54.33
4882,2602,187,1,116.57
4883,2603,187,2,116.57
4884,2604,183,2,487.99
4885,2604,85,1,1548.36
4886,2605,56,2,1167.82
4887,2605,85,4,1548.36
4888,2606,62,2,1671.18
4889,2606,187,4,116.57
4890,2606,85,5,1548.36
4891,2606,124,1,1912.09
4892,2607,85,1,1548.36
4893,2607,18,3,1444.26
4894,2607,187,1,116.57
4895,2607,40,3,182.89
4896,2608,133,1,1933.11
4897,2608,187,1,116.57
4898,2609,56,1,1350.71
4899,2609,187,1,107.43
4900,2610,56,1,1350.71
4901,2611,187,1,116.57
4902,2611,181,2,105.12
4903,2611,180,1,1705.09
4904,2611,25,5,101.44
4905,2612,96,1,374.13
4906,2613,61,1,232.43
4907,2614,187,2,99.54
4908,2614,1,3,1818.9
4909,2615,54,1,1058.75
4910,2615,40,5,182.89
4911,2616,100,4,633.75
4912,2617,10,5,1807.06
4913,2618,187,2,116.57
4914,2618,180,1,1705.09
4915,2618,88,1,206.14
4916,2619,69,2,647.25
4917,2619,40,2,182.89
4918,2620,85,1,1548.36
4919,2620,139,1,54.33
4920,2621,96,1,374.13
4921,2621,133,2,1933.11
4922,2621,102,1,1944.19
4923,2621,187,1,109.38
4924,2622,1,1,1818.9
4925,2623,187,1,116.57
4926,2623,156,1,1496.85
4927,2624,141,2,1515.32
4928,2625,187,1,116.57
4929,2625,4,2,1938.94
4930,2626,187,4,116.57
4931,2627,96,4,374.13
4932,2627,1,1,1818.9
4933,2628,87,2,759.22
4934,2629,85,2,1548.36
4935,2630,24,1,767.49
4936,2631,111,1,1394.33
4937,2631,187,2,116.57
4938,2631,28,1,305.3
4939,2632,187,2,116.57
4940,2632,44,2,1151.59
4941,2633,187,2,116.57
4942,2634,187,4,116.57
4943,2635,85,2,1548.36
4944,2636,40,1,182.89
4945,2637,1,2,1818.9
4946,2638,1,1,1818.9
4947,2639,113,2,414.76
4948,2639,138,1,1573.62
4949,2640,6,2,1268.23
4950,2641,87,3,759.22
4951,2641,187,2,103.4
4952,2642,180,1,1705.09
4953,2642,96,1,344.94
4954,2643,65,1,1118.16
4955,2644,180,1,1705.09
4956,2644,54,1,1116.55
4957,2645,165,1,1843.44
4958,2646,187,4,116.57
4959,2646,176,2,712.41
4960,2646,197,1,1745.37
4961,2647,197,2,1959.53
4962,2648,16,2,1715.95
4963,2648,85,3,1548.36
4964,2649,60,1,1311.56
4965,2650,187,1,116.57
4966,2651,48,1,1050.45
4967,2652,187,2,116.57
4968,2652,176,1,798.78
4969,2652,22,1,1306.35
4970,2653,85,3,1438.35
4971,2653,187,4,116.57
4972,2654,40,1,182.89
4973,2655,180,1,1705.09
4974,2656,180,1,1572.03
4975,2656,74,1,1604.48
4976,2656,187,2,116.57
4977,2657,187,1,116.57
4978,2658,106,1,473.95
4979,2658,87,1,759.22
4980,2659,30,1,1183.12
4981,2660,36,3,64.17
4982,2660,123,1,1332.13
4983,2661,180,1,1455.66
4984,2662,187,2,116.57
4985,2663,133,1,1933.11
4986,2664,140,2,235.21
4987,2665,1,2,1605.49
4988,2665,18,4,1444.26
4989,2665,127,4,68.25
4990,2666,54,3,1116.55
4991,2667,85,1,1548.36
4992,2668,176,2,798.78
4993,2668,187,4,116.57
4994,2668,111,1,1394.33
4995,2669,40,1,182.89
4996,2669,135,2,1867.32
4997,2669,85,1,1548.36
4998,2670,65,1,1118.16
4999,2671,141,1,1662.1
5000,2672,85,1,1548.36
5001,2672,187,1,116.57
5002,2672,139,1,54.33
5003,2673,187,3,106.27
5004,2674,40,4,182.89
5005,2674,180,1,1705.09
5006,2675,156,1,1496.85
5007,2675,1,2,1818.9
5008,2676,180,2,1705.09
5009,2677,187,1,100.37
5010,2678,85,1,1548.36
5011,2678,187,3,116.57
5012,2678,40,2,182.89
5013,2678,56,2,1350.71
5014,2679,39,3,1569.6
5015,2679,181,1,105.12
5016,2679,187,3,116.57
5017,2679,191,1,1495.65
5018,2680,40,4,182.89
5019,2680,187,1,116.57
5020,2680,184,2,513.04
5021,2680,197,1,1959.53
5022,2681,185,1,1150.61
5023,2681,85,1,1548.36
5024,2682,173,1,124.75
5025,2682,40,1,182.89
5026,2683,138,1,1573.62
5027,2684,90,1,538.93
5028,2685,85,1,1548.36
5029,2686,48,1,1050.45
5030,2687,123,1,1332.13
5031,2688,85,1,1548.36
5032,2689,187,2,116.57
5033,2689,197,1,1959.53
5034,2689,85,1,1548.36
5035,2690,75,2,345.09
5036,2691,187,1,100.05
5037,2691,85,3,1548.36
5038,2692,40,1,182.89
5039,2692,34,2,639.57
5040,2692,187,2,116.57
5041,2693,18,3,1444.26
5042,2693,85,1,1548.36
5043,2694,109,1,260.35
5044,2695,187,3,116.57
5045,2696,139,1,54.33
5046,2696,122,2,986.88
5047,2697,40,3,182.89
5048,2697,187,1,116.57
5049,2697,24,1,842.71
5050,2698,187,2,116.57
5051,2699,85,1,1548.36
5052,2699,15,3,369.19
5053,2700,42,1,991.09
5054,2701,123,2,1332.13
5055,2701,1,1,1818.9
5056,2701,187,2,109.91
5057,2701,79,1,1785.41
5058,2702,187,5,116.57
5059,2702,40,1,182.89
5060,2703,111,1,1394.33
5061,2703,103,1,925.48
5062,2703,187,1,102.13
5063,2704,192,2,106.09
5064,2705,3,1,545.69
5065,2705,40,3,182.89
5066,2705,185,1,1150.61
5067,2705,56,2,1350.71
5068,2706,123,4,1180.54
5069,2706,25,2,101.44
5070,2706,40,1,182.89
5071,2707,42,1,991.09
5072,2707,85,1,1446.19
5073,2707,6,1,1439.16
5074,2707,187,4,109.07
5075,2708,12,1,419.88
5076,2709,48,1,1050.45
5077,2710,176,1,798.78
5078,2711,85,2,1421.03
5079,2711,40,1,182.89
5080,2712,44,2,1151.59
5081,2712,24,1,746.03
5082,2713,187,1,116.57
5083,2713,17,1,1521.63
5084,2713,77,1,824.5
5085,2713,120,3,806.6
5086,2714,187,3,116.57
5087,2714,181,1,105.12
5088,2715,184,1,482.73
5089,2715,187,1,116.57
5090,2716,157,3,1636.62
5091,2716,85,1,1548.36
5092,2717,33,2,1170.08
5093,2718,1,1,1818.9
5094,2718,180,1,1705.09
5095,2718,43,1,1876.83
5096,2719,40,4,168.64
5097,2719,107,1,280.14
5098,2719,137,4,944.88
5099,2720,85,1,1548.36
5100,2720,25,3,101.44
5101,2720,65,1,1118.16
5102,2721,139,1,54.33
5103,2721,16,2,1464.1
5104,2722,187,1,116.57
5105,2722,85,1,1548.36
5106,2723,88,1,206.14
5107,2723,25,2,101.44
5108,2724,1,2,1818.9
5109,2724,187,3,116.57
5110,2725,138,4,1573.62
5111,2725,85,3,1548.36
5112,2725,56,2,1350.71
5113,2726,187,2,116.57
5114,2727,156,4,1298.87
5115,2727,187,1,116.57
5116,2728,183,2,487.99
5117,2729,50,5,61.81
5118,2729,133,1,1933.11
5119,2729,111,2,1394.33
5120,2730,180,3,1705.09
5121,2731,187,1,116.57
5122,2731,171,1,128.74
5123,2731,23,2,186.28
5124,2731,176,1,698.61
5125,2732,187,1,116.57
5126,2733,85,1,1347.07
5127,2734,179,1,1561.83
5128,2735,188,1,685.49
5129,2735,139,1,54.33
5130,2735,113,1,414.76
5131,2736,168,3,276.11
5132,2737,83,3,1046.86
5133,2738,171,2,128.74
5134,2738,187,1,116.57
5135,2739,171,1,128.74
5136,2740,111,1,1394.33
5137,2740,20,1,1261.7
5138,2741,88,1,206.14
5139,2741,66,1,753.8
5140,2741,60,1,1541.69
5141,2742,40,2,163.68
5142,2743,187,1,116.57
5143,2743,88,1,206.14
5144,2743,19,3,874.98
5145,2743,115,1,1436.22
5146,2744,128,3,984.02
5147,2744,30,2,1183.12
5148,2744,187,1,116.57
5149,2745,40,1,182.89
5150,2745,85,2,1548.36
5151,2745,54,3,1116.55
5152,2745,134,5,1114.24
5153,2746,123,2,1332.13
5154,2747,56,2,1193.85
5155,2747,62,1,1833.62
5156,2748,187,2,108.58
5157,2749,187,1,116.57
5158,2750,178,2,924.76
5159,2751,49,2,888.48
5160,2751,48,4,920.49
5161,2751,192,3,121.94
5162,2751,96,5,374.13
5163,2752,187,2,116.57
5164,2752,181,2,105.12
5165,2753,187,1,116.57
5166,2754,79,2,1785.41
5167,2755,180,3,1705.09
5168,2755,15,3,369.19
5169,2755,187,1,103.73
5170,2756,39,2,1569.6
5171,2756,40,2,182.89
5172,2757,56,5,1350.71
5173,2757,40,5,182.89
5174,2757,135,2,1867.32
5175,2758,25,2,101.44
5176,2758,85,1,1548.36
5177,2759,185,2,1150.61
5178,2760,25,1,101.44
5179,2761,1,1,1818.9
5180,2762,187,2,116.57
5181,2763,187,3,116.57
5182,2764,62,1,1833.62
5183,2765,187,1,116.57
5184,2766,187,1,116.57
5185,2766,133,1,1795.61
5186,2766,40,1,182.89
5187,2767,187,1,116.57
5188,2767,1,1,1818.9
5189,2767,111,2,1394.33
5190,2767,184,1,513.04
5191,2768,88,1,206.14
5192,2769,187,2,106.85
5193,2769,85,1,1434.59
5194,2769,60,3,1374.78
5195,2770,187,1,106.1
5196,2770,85,1,1548.36
5197,2771,111,1,1308.88
5198,2771,40,1,182.89
5199,2771,70,1,1906.69
5200,2772,53,1,296.83
5201,2772,82,2,1788.92
5202,2772,40,1,182.89
5203,2773,83,2,1046.86
5204,2774,40,2,182.89
5205,2774,143,2,479.86
5206,2775,188,1,759.13
5207,2776,187,2,116.57
5208,2777,184,1,513.04
5209,2777,111,2,1394.33
5210,2778,40,1,182.89
5211,2779,60,4,1342.61
5212,2779,185,1,1150.61
5213,2780,36,1,64.17
5214,2781,60,1,1541.69
5215,2781,17,1,1521.63
5216,2781,187,1,116.57
5217,2782,187,1,116.57
5218,2783,187,1,99.16
5219,2783,1,2,1818.9
5220,2783,34,1,706.15
5221,2784,100,2,538.86
5222,2785,187,3,116.57
5223,2785,188,4,759.13
5224,2786,40,2,182.89
5225,2787,56,1,1350.71
5226,2787,40,1,173.04
5227,2788,165,1,1843.44
5228,2789,200,1,1291.76
5229,2789,25,4,101.44
5230,2790,88,5,206.14
5231,2790,180,2,1705.09
5232,2790,68,1,1620.15
5233,2790,25,1,86.84
5234,2791,56,1,1350.71
5235,2791,174,2,1190.06
5236,2792,56,1,1350.71
5237,2792,40,1,182.89
5238,2793,85,1,1468.76
5239,2794,40,1,182.89
5240,2794,122,1,986.88
5241,2794,17,1,1521.63
5242,2795,133,1,1933.11
5243,2795,187,1,116.57
5244,2795,1,1,1818.9
5245,2796,187,1,116.57
5246,2796,7,1,909.19
5247,2797,18,2,1444.26
5248,2798,85,1,1548.36
5249,2798,141,1,1662.1
5250,2798,180,2,1705.09
5251,2799,180,1,1705.09
5252,2799,187,1,116.57
5253,2800,180,1,1491.27
5254,2800,166,1,346.92
5255,2801,187,2,107.23
5256,2801,133,1,1764.85
5257,2801,156,1,1496.85
5258,2801,1,1,1818.9
5259,2802,40,1,182.89
5260,2802,36,1,64.17
5261,2802,127,1,68.25
5262,2803,68,2,1620.15
5263,2803,17,2,1422.18
5264,2804,25,2,101.44
5265,2805,40,1,182.89
5266,2805,84,1,644.86
5267,2806,25,2,101.44
5268,2807,187,4,110.54
5269,2808,85,1,1548.36
5270,2809,187,2,100.39
5271,2810,180,1,1705.09
5272,2811,180,4,1705.09
5273,2811,158,1,227.56
5274,2811,40,1,182.89
5275,2812,187,2,116.57
5276,2813,18,1,1444.26
5277,2813,120,2,806.6
5278,2813,34,1,706.15
5279,2813,111,1,1394.33
5280,2814,113,1,383.01
5281,2815,1,3,1818.9
5282,2816,162,1,1652.66
5283,2816,103,1,1010.97
5284,2816,163,3,633.77
5285,2816,187,2,116.57
5286,2817,48,3,1050.45
5287,2817,55,5,234.09
5288,2818,15,1,369.19
5289,2819,96,3,374.13
5290,2819,150,1,862.67
5291,2820,88,1,206.14
5292,2820,192,1,121.94
5293,2821,178,2,1018.47
5294,2821,85,1,1548.36
5295,2822,187,3,116.57
5296,2822,181,2,99.74
5297,2823,40,5,182.89
5298,2823,187,4,116.57
5299,2824,187,1,116.57
5300,2824,75,2,345.09
5301,2825,56,1,1350.71
5302,2825,138,1,1573.62
5303,2825,53,2,296.83
5304,2826,161,1,308.57
5305,2826,187,5,116.57
5306,2827,40,2,182.89
5307,2828,187,3,110.67
5308,2829,134,3,1199.76
5309,2830,172,2,364.96
5310,2831,189,1,1056.55
5311,2832,180,4,1705.09
5312,2833,96,1,325.56
5313,2834,40,1,182.89
5314,2835,38,2,974.44
5315,2836,46,1,547.88
5316,2837,88,2,206.14
5317,2838,187,2,116.57
5318,2838,197,2,1784.08
5319,2838,85,2,1548.36
5320,2839,40,3,182.89
5321,2840,197,2,1783.79
5322,2840,110,4,888.09
5323,2840,85,3,1548.36
5324,2841,75,1,345.09
5325,2841,10,2,1807.06
5326,2842,28,2,305.3
5327,2842,180,3,1705.09
5328,2842,85,1,1548.36
5329,2843,87,1,759.22
5330,2843,25,1,91.87
5331,2843,110,2,1022.04
5332,2844,185,1,1150.61
5333,2845,124,1,1912.09
5334,2846,103,1,863.16
5335,2847,85,1,1418.98
5336,2848,163,1,633.77
5337,2849,57,1,576.12
5338,2850,56,1,1350.71
5339,2850,85,1,1444.29
5340,2851,85,1,1548.36
5341,2851,81,1,1783.66
5342,2851,187,1,116.57
5343,2851,197,1,1959.53
5344,2852,138,3,1573.62
5345,2852,187,1,116.57
5346,2853,88,1,206.14
5347,2854,85,1,1548.36
5348,2854,187,3,103.25
5349,2854,17,1,1521.63
5350,2855,56,3,1350.71
5351,2856,191,1,1670.08
5352,2857,185,1,1150.61
5353,2858,34,2,706.15
5354,2858,96,2,374.13
5355,2858,25,2,101.44
5356,2858,85,3,1380.63
5357,2859,40,1,170.75
5358,2860,118,1,264.16
5359,2861,180,2,1485.76
5360,2861,47,2,675.84
5361,2861,85,3,1548.36
5362,2861,56,2,1350.71
5363,2862,176,2,757.25
5364,2863,187,3,116.57
5365,2864,187,1,116.57
5366,2864,85,1,1396.39
5367,2865,176,2,798.78
5368,2866,187,3,116.57
5369,2866,73,2,526.07
5370,2867,187,2,116.57
5371,2867,25,1,86.81
5372,2867,85,3,1372.44
5373,2867,184,1,513.04
5374,2868,138,1,1573.62
5375,2869,68,1,1620.15
5376,2869,174,2,1190.06
5377,2870,56,1,1225.21
5378,2870,152,2,1737.5
5379,2871,180,1,1705.09
5380,2872,62,1,1645.57
5381,2873,125,1,586.45
5382,2873,82,1,1788.92
5383,2874,176,1,798.78
5384,2875,176,1,798.78
5385,2876,187,1,116.57
5386,2877,113,3,414.76
5387,2877,187,1,116.57
5388,2877,25,1,101.44
5389,2878,25,1,101.44
5390,2878,180,1,1605.35
5391,2878,37,2,1917.91
5392,2879,40,1,182.89
5393,2880,75,1,297.53
5394,2880,145,2,1219.52
5395,2880,187,1,116.57
5396,2880,84,1,609.86
5397,2881,40,5,161.55
5398,2882,37,3,1917.91
5399,2882,1,2,1818.9
5400,2882,138,5,1406.08
5401,2883,56,1,1150.53
5402,2883,41,3,983.07
5403,2884,61,3,232.43
5404,2884,60,1,1424.07
5405,2885,56,5,1350.71
5406,2886,56,1,1350.71
5407,2886,137,1,944.88
5408,2887,85,2,1548.36
5409,2888,187,1,108.28
5410,2889,110,1,895.68
5411,2890,138,4,1573.62
5412,2890,21,2,1176.1
5413,2890,59,2,1459.18
5414,2891,37,1,1917.91
5415,2891,56,1,1350.71
5416,2891,40,2,173.54
5417,2892,187,1,116.57
5418,2893,85,1,1548.36
5419,2893,125,5,586.45
5420,2893,187,1,116.57
5421,2894,138,1,1573.62
5422,2894,126,1,1851.05
5423,2895,187,1,116.57
5424,2896,40,1,182.89
5425,2897,88,1,206.14
5426,2898,119,2,1856.5
5427,2899,111,3,1394.33
5428,2899,74,1,1873.3
5429,2900,187,1,107.91
5430,2900,139,1,54.33
5431,2900,23,3,186.28
5432,2900,85,3,1548.36
5433,2901,187,1,116.57
5434,2901,85,1,1548.36
5435,2902,40,2,182.89
5436,2902,143,2,479.86
5437,2903,85,2,1548.36
5438,2904,142,2,1597.49
5439,2904,157,2,1426.02
5440,2904,192,1,107.29
5441,2905,153,1,822.66
5442,2906,85,1,1347.38
5443,2906,102,1,1944.19
5444,2907,28,2,305.3
5445,2908,26,1,997.6
5446,2908,187,1,116.57
5447,2908,56,1,1350.71
5448,2909,85,1,1548.36
5449,2910,85,1,1548.36
5450,2911,85,1,1548.36
5451,2912,20,1,1261.7
5452,2912,173,1,113.76
5453,2912,36,1,64.17
5454,2913,85,2,1548.36
5455,2913,12,3,419.88
5456,2913,25,1,101.44
5457,2914,187,1,116.57
5458,2914,48,1,1050.45
5459,2914,183,2,487.99
5460,2915,138,2,1423.57
5461,2915,187,1,116.57
5462,2916,85,2,1548.36
5463,2917,163,3,633.77
5464,2918,69,2,647.25
5465,2918,82,1,1788.92
5466,2918,187,1,116.57
5467,2919,111,2,1394.33
5468,2919,1,3,1637.47
5469,2919,81,2,1783.66
5470,2920,85,3,1548.36
5471,2921,36,1,64.17
5472,2921,180,1,1705.09
5473,2922,195,1,1690.12
5474,2923,187,5,116.57
5475,2924,115,1,1436.22
5476,2924,187,4,116.57
5477,2924,68,1,1620.15
5478,2925,40,3,182.89
5479,2926,187,1,116.57
5480,2926,88,3,206.14
5481,2927,127,2,58.41
5482,2927,187,1,116.57
5483,2928,199,2,1422.95
5484,2929,187,1,116.57
5485,2930,187,2,116.57
5486,2931,139,1,50.33
5487,2932,85,4,1548.36
5488,2933,85,1,1548.36
5489,2933,47,1,640.66
5490,2934,62,1,1833.62
5491,2935,187,2,116.57
5492,2935,151,1,1165.58
5493,2936,40,3,182.89
5494,2936,139,2,54.33
5495,2937,85,3,1548.36
5496,2938,85,1,1548.36
5497,2939,25,1,101.44
5498,2939,161,1,308.57
5499,2939,18,1,1444.26
5500,2940,85,1,1548.36
5501,2941,176,1,798.78
5502,2941,85,1,1548.36
5503,2942,14,1,1166.43
5504,2943,187,2,104.24
5505,2944,22,3,1120.54
5506,2944,187,1,116.57
5507,2944,25,1,101.44
5508,2945,180,4,1705.09
5509,2945,68,2,1502.31
5510,2946,4,1,1661.5
5511,2947,48,1,1050.45
5512,2948,187,1,116.57
5513,2948,25,2,101.44
5514,2948,139,3,54.33
5515,2948,138,3,1573.62
5516,2949,35,2,1189.6
5517,2949,187,1,116.57
5518,2949,40,1,182.89
5519,2950,165,4,1843.44
5520,2950,109,1,260.35
5521,2950,103,2,1010.97
5522,2951,111,4,1394.33
5523,2951,85,2,1428.61
5524,2951,40,1,182.89
5525,2952,48,1,1050.45
5526,2953,40,3,182.89
5527,2953,187,1,116.57
5528,2954,109,3,260.35
5529,2955,111,1,1323.38
5530,2956,187,1,116.57
5531,2957,85,1,1548.36
5532,2958,187,1,116.57
5533,2959,187,1,116.57
5534,2960,25,1,101.44
5535,2960,88,2,206.14
5536,2961,85,3,1408.99
5537,2961,187,1,116.57
5538,2961,40,1,182.89
5539,2962,88,1,206.14
5540,2962,180,5,1705.09
5541,2963,111,1,1192.95
5542,2964,137,2,864.81
5543,2964,40,2,182.89
5544,2965,187,4,116.57
5545,2965,157,2,1526.39
5546,2965,102,1,1944.19
5547,2966,187,3,116.57
5548,2966,85,2,1548.36
5549,2966,180,3,1705.09
5550,2966,57,2,500.99
5551,2967,123,1,1161.22
5552,2968,85,3,1548.36
5553,2969,163,1,633.77
5554,2970,40,3,182.89
5555,2971,85,1,1421.32
5556,2971,25,2,89.02
5557,2972,79,1,1785.41
5558,2972,186,3,843.62
5559,2972,124,1,1912.09
5560,2973,85,1,1398.66
5561,2974,50,3,61.81
5562,2974,36,2,64.17
5563,2975,187,4,116.57
5564,2975,25,1,92.02
5565,2976,152,3,1495.26
5566,2976,185,2,1028.54
5567,2976,6,1,1439.16
5568,2977,111,4,1394.33
5569,2977,37,4,1917.91
5570,2977,162,1,1652.66
5571,2977,187,4,116.57
5572,2978,113,3,414.76
5573,2979,187,1,116.57
5574,2980,127,1,68.25
5575,2981,17,1,1521.63
5576,2982,1,2,1818.9
5577,2983,73,1,526.07
5578,2984,88,3,206.14
5579,2985,188,2,759.13
5580,2985,176,1,798.78
5581,2985,187,2,116.57
5582,2986,187,1,116.57
5583,2987,25,1,101.44
5584,2988,88,2,206.14
5585,2989,56,2,1188.46
5586,2990,163,1,633.77
5587,2990,110,3,1022.04
5588,2990,88,1,206.14
5589,2991,187,1,116.57
5590,2992,1,1,1818.9
5591,2992,194,1,196.91
5592,2993,1,5,1818.9
5593,2993,176,2,798.78
5594,2994,85,2,1548.36
5595,2995,40,1,182.89
5596,2995,24,2,842.71
5597,2996,197,3,1959.53
5598,2996,187,2,116.57
5599,2997,40,1,182.89
5600,2997,85,4,1548.36
5601,2998,139,2,54.33
5602,2999,111,1,1394.33
5603,2999,96,1,374.13
5604,2999,187,5,116.57
5605,2999,27,1,672.46
5606,3000,169,2,247.79
5607,3000,187,2,110.6
5608,3000,173,2,124.75
5609,3000,25,1,101.44
5610,3001,187,1,116.57
5611,3001,136,4,1612.44
5612,3002,85,1,1548.36
5613,3002,187,2,116.57
5614,3003,180,1,1705.09
5615,3004,187,2,116.57
5616,3004,54,3,1116.55
5617,3004,169,1,225.29
5618,3005,181,2,105.12
5619,3006,40,3,182.89
5620,3007,48,4,1050.45
5621,3008,187,3,116.57
5622,3009,176,5,798.78
5623,3010,139,1,54.33
5624,3011,96,5,374.13
5625,3011,60,2,1373.48
5626,3012,187,3,116.57
5627,3012,17,2,1521.63
5628,3012,96,1,333.58
5629,3013,139,1,46.61
5630,3014,96,1,374.13
5631,3015,34,1,706.15
5632,3015,187,2,105.99
5633,3015,133,1,1933.11
5634,3015,111,2,1192.77
5635,3016,162,1,1527.59
5636,3016,187,2,116.57
5637,3017,197,2,1959.53
5638,3017,85,1,1548.36
5639,3018,197,4,1959.53
5640,3019,187,1,105.02
5641,3019,155,2,487.83
5642,3020,187,1,116.57
5643,3020,193,2,1851.11
5644,3020,134,2,1199.76
5645,3020,85,3,1548.36
5646,3021,187,2,116.57
5647,3022,110,1,1022.04
5648,3022,96,4,374.13
5649,3023,48,5,1050.45
5650,3023,180,1,1705.09
5651,3024,136,2,1436.35
5652,3024,180,1,1566.29
5653,3025,127,5,68.25
5654,3026,187,1,103.48
5655,3026,156,1,1496.85
5656,3027,187,1,116.57
5657,3027,56,1,1350.71
5658,3027,30,1,1049.28
5659,3027,77,1,880.93
5660,3028,187,1,109.41
5661,3028,100,2,633.75
5662,3029,197,1,1959.53
5663,3030,187,1,116.57
5664,3030,139,3,54.33
5665,3030,81,1,1783.66
5666,3030,176,2,798.78
5667,3031,176,1,798.78
5668,3031,6,1,1439.16
5669,3031,88,2,206.14
5670,3032,187,2,116.57
5671,3032,25,1,101.44
5672,3032,150,1,772.72
5673,3033,141,1,1430.22
5674,3034,181,1,95.43
5675,3035,25,1,101.44
5676,3035,40,1,182.89
5677,3035,56,4,1350.71
5678,3036,187,1,116.57
5679,3037,96,2,352.88
5680,3038,161,4,308.57
5681,3039,187,1,116.57
5682,3040,85,1,1392.97
5683,3041,99,2,356.99
5684,3042,176,4,798.78
5685,3042,171,2,117.2
5686,3043,140,2,200.05
5687,3043,139,1,54.33
5688,3043,123,4,1332.13
5689,3043,17,1,1521.63
5690,3044,188,1,695.32
5691,3045,185,3,1150.61
5692,3045,187,4,116.57
5693,3046,180,1,1705.09
5694,3046,40,1,160.05
5695,3047,40,2,182.89
5696,3048,187,2,102.74
5697,3049,111,3,1394.33
5698,3049,113,1,414.76
5699,3049,100,1,633.75
5700,3050,83,1,1046.86
5701,3050,187,1,116.57
5702,3051,180,3,1705.09
5703,3051,40,1,182.89
5704,3052,40,1,182.89
5705,3052,47,2,675.84
5706,3052,63,1,475.05
5707,3052,181,1,105.12
5708,3053,187,2,109.7
5709,3053,110,2,914.08
5710,3053,191,1,1670.08
5711,3054,96,1,374.13
5712,3055,136,3,1612.44
5713,3056,81,3,1783.66
5714,3056,47,2,675.84
5715,3057,176,1,798.78
5716,3058,65,1,1118.16
5717,3059,188,2,655.21
5718,3060,88,2,206.14
5719,3060,187,1,116.57
5720,3061,1,1,1818.9
5721,3061,56,1,1217.23
5722,3061,187,1,116.57
5723,3061,40,4,166.18
5724,3062,85,1,1325.48
5725,3063,85,4,1548.36
5726,3063,187,1,116.57
5727,3064,187,1,116.57
5728,3065,187,1,116.57
5729,3066,25,1,101.44
5730,3067,187,2,110.39
5731,3068,120,3,806.6
5732,3068,84,1,644.86
5733,3068,197,3,1959.53
5734,3069,187,1,101.13
5735,3069,155,1,487.83
5736,3070,111,3,1394.33
5737,3070,85,1,1548.36
5738,3071,85,1,1548.36
5739,3071,36,1,64.17
5740,3071,134,1,1199.76
5741,3072,164,3,304.01
5742,3073,48,5,1050.45
5743,3073,21,1,1176.1
5744,3073,85,2,1548.36
5745,3074,109,2,260.35
5746,3074,187,2,116.57
5747,3075,85,4,1548.36
5748,3075,187,2,116.57
5749,3076,187,2,116.57
5750,3076,85,1,1548.36
5751,3077,187,1,116.57
5752,3077,48,2,980.77
5753,3078,108,1,1361.44
5754,3078,187,3,116.57
5755,3079,86,3,1232.79
5756,3080,187,1,116.57
5757,3081,85,5,1548.36
5758,3081,62,3,1833.62
5759,3081,187,1,116.57
5760,3082,85,1,1548.36
5761,3082,96,2,374.13
5762,3083,149,4,760.26
5763,3083,187,2,116.57
5764,3083,138,1,1573.62
5765,3083,40,1,182.89
5766,3084,112,2,1170.19
5767,3084,180,1,1705.09
5768,3084,187,1,116.57
5769,3084,85,1,1548.36
5770,3085,85,1,1416.59
5771,3086,110,1,1022.04
5772,3087,85,2,1548.36
5773,3087,187,2,116.57
5774,3088,99,2,373.1
5775,3088,187,1,116.57
5776,3089,111,1,1394.33
5777,3090,40,1,170.38
5778,3090,187,1,108.72
5779,3091,152,2,1737.5
5780,3091,187,1,99.48
5781,3092,191,2,1670.08
5782,3093,188,1,759.13
5783,3094,187,1,116.57
5784,3094,25,1,92.97
5785,3094,133,4,1933.11
5786,3095,187,2,116.57
5787,3095,85,1,1324.45
5788,3095,96,4,374.13
5789,3095,180,5,1561.31
5790,3096,40,5,182.89
5791,3096,135,3,1867.32
5792,3097,185,1,1068.0
5793,3098,197,1,1833.84
5794,3099,85,2,1548.36
5795,3099,37,1,1917.91
5796,3100,49,1,888.48
5797,3100,178,3,1018.47
5798,3101,49,2,888.48
5799,3101,187,1,116.57
5800,3102,4,1,1938.94
5801,3102,127,1,68.25
5802,3103,180,1,1705.09
5803,3103,187,2,116.57
5804,3103,36,1,64.17
5805,3103,85,1,1548.36
5806,3104,126,3,1851.05
5807,3105,62,2,1833.62
5808,3105,185,1,1023.73
5809,3106,188,1,708.3
5810,3107,187,1,116.57
5811,3108,155,4,487.83
5812,3108,85,1,1548.36
5813,3108,35,1,1189.6
5814,3108,187,4,116.57
5815,3109,187,4,116.57
5816,3110,40,2,159.19
5817,3111,66,2,753.8
5818,3111,110,4,1022.04
5819,3111,11,2,921.89
5820,3112,187,2,101.0
5821,3113,85,1,1548.36
5822,3113,56,3,1350.71
5823,3114,111,2,1394.33
5824,3114,40,5,182.89
5825,3115,1,1,1818.9
5826,3116,34,1,640.34
5827,3117,110,1,1022.04
5828,3117,103,3,916.41
5829,3117,197,1,1959.53
5830,3117,62,4,1833.62
5831,3118,187,1,116.57
5832,3119,141,3,1662.1
5833,3119,25,1,94.37
5834,3120,56,1,1350.71
5835,3121,143,1,479.86
5836,3121,40,2,182.89
5837,3122,85,2,1380.05
5838,3122,176,4,798.78
5839,3123,127,1,68.25
5840,3123,88,2,190.95
5841,3123,40,2,167.82
5842,3124,187,1,103.35
5843,3125,187,1,116.57
5844,3126,172,1,364.96
5845,3127,54,2,1116.55
5846,3128,34,1,706.15
5847,3128,85,1,1548.36
5848,3128,187,1,116.57
5849,3129,36,4,64.17
5850,3129,176,1,798.78
5851,3129,82,2,1587.8
5852,3130,22,1,1306.35
5853,3130,138,1,1573.62
5854,3131,180,1,1498.91
5855,3131,25,1,101.44
5856,3132,187,1,108.63
5857,3132,127,3,68.25
5858,3132,87,3,759.22
5859,3132,85,5,1362.73
5860,3133,187,1,116.57
5861,3134,24,3,842.71
5862,3135,88,1,206.14
5863,3135,180,3,1705.09
5864,3135,10,2,1807.06
5865,3136,83,1,1046.86
5866,3136,88,2,175.98
5867,3137,180,2,1705.09
5868,3138,133,1,1933.11
5869,3139,187,1,116.57
5870,3140,187,1,116.57
5871,3140,145,1,1141.99
5872,3141,11,1,921.89
5873,3142,187,1,116.57
5874,3143,187,1,116.57
5875,3144,56,1,1350.71
5876,3145,156,3,1496.85
5877,3145,56,1,1350.71
5878,3146,152,1,1646.81
5879,3147,56,1,1177.91
5880,3148,147,1,1213.76
5881,3149,25,2,101.44
5882,3149,36,1,64.17
5883,3149,110,1,1022.04
5884,3150,25,1,101.44
5885,3150,187,1,116.57
5886,3151,128,1,1118.85
5887,3151,85,2,1548.36
5888,3151,40,3,163.91
5889,3152,85,5,1548.36
5890,3153,79,2,1607.19
5891,3154,51,1,1655.88
5892,3154,85,2,1383.39
5893,3155,25,1,92.96
5894,3155,197,2,1959.53
5895,3156,187,4,116.57
5896,3157,180,1,1557.26
5897,3158,187,3,116.57
5898,3158,56,2,1350.71
5899,3158,132,3,849.27
5900,3159,85,1,1548.36
5901,3159,96,2,374.13
5902,3160,143,1,479.86
5903,3160,8,3,524.81
5904,3161,98,3,1540.91
5905,3162,126,1,1851.05
5906,3162,104,1,304.06
5907,3163,48,1,1050.45
5908,3163,82,1,1788.92
5909,3164,99,2,408.14
5910,3164,92,3,426.45
5911,3164,56,2,1350.71
5912,3165,128,1,1118.85
5913,3166,139,1,54.33
5914,3166,26,2,997.6
5915,3167,178,4,1018.47
5916,3168,40,1,165.33
5917,3168,25,5,101.44
5918,3168,185,1,1150.61
5919,3169,87,1,759.22
5920,3170,32,2,1851.66
5921,3170,187,2,101.84
5922,3170,85,1,1548.36
5923,3171,44,1,1151.59
5924,3171,88,1,177.77
5925,3172,96,2,374.13
5926,3172,187,1,116.57
5927,3172,56,1,1350.71
5928,3172,85,4,1548.36
5929,3173,90,1,490.05
5930,3173,85,2,1327.58
5931,3173,25,1,101.44
5932,3174,187,3,116.57
5933,3174,190,3,220.41
5934,3174,14,3,1166.43
5935,3174,180,1,1508.53
5936,3175,4,1,1938.94
5937,3175,187,2,116.57
5938,3176,88,1,206.14
5939,3176,187,2,116.57
5940,3177,180,1,1705.09
5941,3178,148,4,836.3
5942,3178,187,2,116.57
5943,3179,133,1,1933.11
5944,3180,123,1,1332.13
5945,3180,187,1,116.57
5946,3180,180,1,1705.09
5947,3181,187,1,116.57
5948,3181,1,1,1578.04
5949,3181,56,2,1350.71
5950,3182,187,2,116.57
5951,3182,100,1,633.75
5952,3183,40,1,165.02
5953,3184,185,3,1150.61
5954,3185,25,2,101.44
5955,3185,138,1,1573.62
5956,3185,111,1,1394.33
5957,3185,187,1,116.57
5958,3186,187,2,116.57
5959,3186,68,3,1620.15
5960,3186,62,1,1726.74
5961,3186,56,1,1350.71
5962,3187,40,1,182.89
5963,3187,200,3,1291.76
5964,3187,36,1,64.17
5965,3188,138,1,1399.43
5966,3188,56,2,1350.71
5967,3188,54,1,1039.89
5968,3189,40,1,163.43
5969,3189,25,2,101.44
5970,3189,85,5,1548.36
5971,3189,133,1,1933.11
5972,3190,187,1,116.57
5973,3190,96,2,374.13
5974,3191,1,1,1818.9
5975,3191,127,1,68.25
5976,3191,187,1,116.57
5977,3192,139,1,54.33
5978,3193,180,3,1705.09
5979,3193,166,3,346.92
5980,3194,40,1,163.97
5981,3195,85,1,1548.36
5982,3196,85,1,1548.36
5983,3197,180,2,1705.09
5984,3198,85,1,1548.36
5985,3198,187,2,116.57
5986,3198,87,1,759.22
5987,3198,138,1,1460.12
5988,3199,85,3,1548.36
5989,3200,147,1,1213.76
5990,3200,111,1,1394.33
5991,3201,85,3,1548.36
5992,3202,187,1,116.57
5993,3202,85,1,1548.36
5994,3202,104,3,304.06
5995,3203,139,2,54.33
5996,3203,25,1,101.44
5997,3204,85,1,1323.44
5998,3204,187,1,116.57
5999,3205,40,1,159.43
6000,3205,139,1,49.8
6001,3205,56,2,1350.71
6002,3206,187,1,116.57
6003,3206,41,1,983.07
6004,3207,187,1,116.57
6005,3207,188,1,759.13
6006,3207,65,1,1118.16
6007,3208,40,2,182.89
6008,3208,145,2,1156.66
6009,3208,139,3,54.33
6010,3208,85,1,1369.94
6011,3209,79,1,1785.41
6012,3209,197,3,1959.53
6013,3210,40,3,172.74
6014,3210,187,2,116.57
6015,3210,25,1,101.44
6016,3211,187,3,116.57
6017,3212,179,1,1752.38
6018,3212,56,5,1350.71
6019,3213,187,2,116.57
6020,3213,54,2,981.51
6021,3214,40,3,155.57
6022,3215,187,1,116.57
6023,3215,100,1,633.75
6024,3215,88,1,206.14
6025,3216,88,1,206.14
6026,3217,176,1,798.78
6027,3217,187,1,116.57
6028,3218,131,1,297.01
6029,3218,85,1,1548.36
6030,3218,187,2,103.22
6031,3219,8,3,558.31
6032,3219,187,1,116.57
6033,3219,180,1,1598.43
6034,3220,127,1,68.25
6035,3220,185,1,1024.65
6036,3221,73,3,526.07
6037,3222,187,1,116.57
6038,3222,178,2,1018.47
6039,3222,88,3,206.14
6040,3223,87,2,759.22
6041,3224,183,5,487.99
6042,3225,188,2,759.13
6043,3225,40,4,182.89
6044,3225,187,1,116.57
6045,3226,121,1,615.18
6046,3226,40,2,170.85
6047,3227,85,1,1392.73
6048,3228,3,1,505.76
6049,3229,85,3,1432.17
6050,3230,27,1,672.46
6051,3231,97,2,1206.38
6052,3232,25,2,101.44
6053,3232,119,2,1856.5
6054,3232,72,2,886.15
6055,3233,187,2,116.57
6056,3233,85,1,1548.36
6057,3234,40,4,166.15
6058,3235,187,1,116.57
6059,3235,184,3,513.04
6060,3236,197,1,1821.85
6061,3237,185,2,1150.61
6062,3238,152,2,1737.5
6063,3238,187,2,116.57
6064,3239,187,1,116.57
6065,3240,197,3,1959.53
6066,3241,1,1,1818.9
6067,3242,85,1,1441.84
6068,3243,1,1,1702.66
6069,3243,187,3,116.57
6070,3243,40,3,182.89
6071,3243,125,2,586.45
6072,3244,187,2,116.57
6073,3245,1,1,1818.9
6074,3246,179,2,1503.01
6075,3246,25,1,101.44
6076,3247,85,2,1548.36
6077,3248,187,1,116.57
6078,3248,138,1,1573.62
6079,3248,163,1,633.77
6080,3249,179,1,1752.38
6081,3250,187,2,101.93
6082,3250,40,2,171.88
6083,3250,181,1,105.12
6084,3251,185,2,1150.61
6085,3252,40,1,182.89
6086,3253,43,1,1876.83
6087,3253,119,5,1856.5
6088,3254,1,4,1818.9
6089,3254,86,1,1329.75
6090,3254,187,4,116.57
6091,3255,66,1,753.8
6092,3255,85,4,1548.36
6093,3255,80,2,1304.83
6094,3256,138,2,1573.62
6095,3256,24,4,842.71
6096,3256,25,1,101.44
6097,3257,133,1,1933.11
6098,3257,181,1,105.12
6099,3258,187,3,116.57
6100,3258,176,5,798.78
6101,3258,66,1,753.8
6102,3259,31,2,321.34
6103,3259,137,1,944.88
6104,3260,187,1,116.57
6105,3261,111,1,1394.33
6106,3261,127,1,60.54
6107,3262,54,1,1116.55
6108,3262,52,2,1794.29
6109,3263,40,1,182.89
6110,3264,118,3,264.16
6111,3264,187,2,116.57
6112,3265,68,2,1487.18
6113,3266,136,1,1612.44
6114,3267,111,2,1394.33
6115,3268,138,1,1364.98
6116,3268,56,3,1157.47
6117,3268,187,1,116.57
6118,3269,106,3,473.95
6119,3270,110,1,1022.04
6120,3270,171,3,128.74
6121,3271,28,1,305.3
6122,3271,111,2,1394.33
6123,3272,164,1,304.01
6124,3273,187,1,116.57
6125,3273,106,1,473.95
6126,3273,75,1,345.09
6127,3274,40,1,182.89
6128,3275,41,1,983.07
6129,3276,187,1,103.12
6130,3276,36,1,64.17
6131,3277,137,2,944.88
6132,3278,164,3,304.01
6133,3279,187,4,116.57
6134,3279,188,3,649.2
6135,3280,170,5,60.89
6136,3280,200,1,1291.76
6137,3281,85,1,1548.36
6138,3282,142,2,1365.89
6139,3282,34,2,706.15
6140,3282,187,3,116.57
6141,3282,197,3,1959.53
6142,3283,124,2,1912.09
6143,3284,184,2,513.04
6144,3285,197,3,1959.53
6145,3285,47,1,675.84
6146,3285,187,2,116.57
6147,3286,163,1,633.77
6148,3287,85,1,1324.11
6149,3287,56,2,1231.79
6150,3287,190,2,188.22
6151,3288,40,2,182.89
6152,3288,85,2,1548.36
6153,3288,187,1,116.57
6154,3289,65,1,1118.16
6155,3289,46,4,547.88
6156,3290,187,2,116.57
6157,3290,123,2,1332.13
6158,3290,56,1,1350.71
6159,3291,187,1,116.57
6160,3291,26,3,997.6
6161,3292,187,1,116.57
6162,3292,156,2,1496.85
6163,3293,40,1,182.89
6164,3294,85,1,1548.36
6165,3294,56,1,1350.71
6166,3294,187,2,116.57
6167,3295,37,2,1917.91
6168,3295,187,4,116.57
6169,3296,67,1,1543.76
6170,3296,75,1,345.09
6171,3297,106,1,473.95
6172,3297,187,4,116.57
6173,3297,185,1,980.43
6174,3298,182,4,378.55
6175,3299,85,1,1548.36
6176,3299,139,2,48.65
6177,3299,111,1,1394.33
6178,3300,48,3,1050.45
6179,3301,197,5,1747.6
6180,3301,85,2,1548.36
6181,3302,159,2,150.85
6182,3303,85,2,1548.36
6183,3303,133,1,1731.19
6184,3303,171,3,128.74
6185,3304,40,1,182.89
6186,3305,187,3,116.57
6187,3305,89,5,1498.39
6188,3306,187,4,109.23
6189,3306,9,1,209.95
6190,3306,56,1,1350.71
6191,3306,111,2,1394.33
6192,3307,25,1,101.44
6193,3307,187,1,116.57
6194,3307,49,2,888.48
6195,3308,187,2,116.57
6196,3309,181,1,105.12
6197,3310,187,1,116.57
6198,3310,85,1,1374.32
6199,3311,197,3,1959.53
6200,3312,124,2,1912.09
6201,3312,85,1,1548.36
6202,3313,187,1,116.57
6203,3314,25,1,101.44
6204,3314,56,1,1350.71
6205,3315,40,2,155.48
6206,3315,85,1,1379.06
6207,3315,101,4,1559.04
6208,3315,187,1,116.57
6209,3316,85,1,1411.42
6210,3316,165,1,1843.44
6211,3317,65,3,1118.16
6212,3318,163,1,633.77
6213,3318,133,2,1933.11
6214,3319,15,1,369.19
6215,3319,187,1,116.57
6216,3319,54,1,1116.55
6217,3320,87,1,759.22
6218,3320,180,1,1705.09
6219,3320,85,1,1548.36
6220,3320,88,1,206.14
6221,3321,187,4,116.57
6222,3321,179,3,1659.44
6223,3322,60,2,1541.69
6224,3322,85,1,1548.36
6225,3322,187,1,116.57
6226,3322,152,3,1737.5
6227,3323,187,2,116.57
6228,3323,56,1,1350.71
6229,3323,65,1,1118.16
6230,3324,3,3,545.69
6231,3325,1,1,1661.41
6232,3326,194,1,215.34
6233,3326,25,2,101.44
6234,3327,187,2,110.35
6235,3328,125,5,586.45
6236,3328,187,1,104.48
6237,3329,109,1,260.35
6238,3330,187,2,116.57
6239,3330,40,1,182.89
6240,3330,122,1,986.88
6241,3331,156,1,1496.85
6242,3331,18,1,1444.26
6243,3331,85,1,1548.36
6244,3331,187,4,116.57
6245,3332,176,2,798.78
6246,3333,85,1,1548.36
6247,3334,40,1,182.89
6248,3335,187,4,116.57
6249,3335,118,1,264.16
6250,3335,124,5,1912.09
6251,3336,47,3,578.42
6252,3337,75,2,345.09
6253,3338,85,1,1349.17
6254,3338,96,5,374.13
6255,3338,17,1,1521.63
6256,3339,187,4,116.57
6257,3340,163,2,633.77
6258,3340,187,1,116.57
6259,3340,85,1,1548.36
6260,3340,149,1,760.26
6261,3341,187,1,116.57
6262,3341,85,1,1548.36
6263,3342,127,4,68.25
6264,3343,62,1,1833.62
6265,3344,85,1,1548.36
6266,3344,1,2,1818.9
6267,3345,95,2,322.66
6268,3345,187,1,116.57
6269,3346,180,1,1705.09
6270,3346,133,1,1808.53
6271,3346,56,1,1350.71
6272,3346,85,1,1548.36
6273,3347,85,1,1548.36
6274,3348,181,4,105.12
6275,3349,187,1,116.57
6276,3349,56,1,1350.71
6277,3349,58,1,1325.32
6278,3350,88,5,206.14
6279,3350,152,2,1608.46
6280,3351,176,1,798.78
6281,3352,83,1,1046.86
6282,3352,40,1,169.64
6283,3353,187,2,101.34
6284,3353,100,4,633.75
6285,3354,75,1,345.09
6286,3354,88,3,206.14
6287,3354,100,2,633.75
6288,3355,85,2,1373.8
6289,3355,156,5,1496.85
6290,3356,40,2,182.89
6291,3357,187,3,116.57
6292,3358,199,1,1563.15
6293,3358,187,2,116.57
6294,3359,152,2,1737.5
6295,3360,187,1,116.57
6296,3361,87,1,759.22
6297,3362,111,1,1231.88
6298,3363,56,3,1350.71
6299,3364,38,3,974.44
6300,3365,187,1,116.57
6301,3366,187,4,116.57
6302,3366,88,5,206.14
6303,3366,85,1,1404.73
6304,3367,56,3,1276.24
6305,3367,163,1,633.77
6306,3367,187,1,101.15
6307,3367,1,3,1818.9
6308,3368,25,1,95.42
6309,3369,187,3,107.67
6310,3370,40,1,182.89
6311,3371,185,1,1033.05
6312,3371,137,2,944.88
6313,3371,138,1,1573.62
6314,3372,187,2,116.57
6315,3372,85,1,1548.36
6316,3372,115,1,1436.22
6317,3372,114,2,1611.97
6318,3373,1,3,1818.9
6319,3374,127,2,59.33
6320,3374,56,1,1350.71
6321,3374,96,3,374.13
6322,3375,29,1,223.84
6323,3376,168,1,323.31
6324,3377,187,3,101.94
6325,3378,187,1,116.57
6326,3379,40,1,182.89
6327,3380,165,1,1666.64
6328,3380,56,2,1350.71
6329,3381,1,2,1818.9
6330,3382,176,1,798.78
6331,3383,100,4,633.75
6332,3384,40,1,182.89
6333,3385,24,1,842.71
6334,3386,138,1,1573.62
6335,3387,40,1,166.25
6336,3388,187,1,109.23
6337,3389,187,1,116.57
6338,3389,23,4,186.28
6339,3390,111,1,1394.33
6340,3391,40,3,182.89
6341,3391,3,3,545.69
6342,3392,85,2,1548.36
6343,3392,187,1,116.57
6344,3393,185,5,1026.3
6345,3393,180,3,1705.09
6346,3394,140,3,235.21
6347,3395,113,1,359.27
6348,3396,187,1,116.57
6349,3396,113,1,414.76
6350,3397,187,1,116.57
6351,3397,157,1,1636.62
6352,3397,60,1,1541.69
6353,3398,56,1,1350.71
6354,3398,145,1,1219.52
6355,3398,96,1,374.13
6356,3399,197,2,1730.93
6357,3400,136,1,1612.44
6358,3400,187,1,116.57
6359,3400,3,1,545.69
6360,3401,180,1,1705.09
6361,3401,187,4,116.57
6362,3402,41,2,899.13
6363,3402,56,1,1350.71
6364,3402,69,2,647.25
6365,3402,179,2,1752.38
6366,3403,198,1,1507.81
6367,3403,85,2,1548.36
6368,3404,85,1,1548.36
6369,3405,187,2,100.4
6370,3406,133,2,1933.11
6371,3406,187,2,116.57
6372,3406,138,2,1346.59
6373,3407,56,3,1350.71
6374,3407,40,1,182.89
6375,3407,85,4,1548.36
6376,3407,141,1,1662.1
6377,3408,59,1,1258.17
6378,3408,176,2,798.78
6379,3408,57,2,510.75
6380,3409,174,3,1190.06
6381,3409,187,1,116.57
6382,3409,48,4,1050.45
6383,3410,17,2,1521.63
6384,3411,85,2,1548.36
6385,3412,25,1,101.44
6386,3412,187,2,104.71
6387,3412,56,1,1205.11
6388,3413,56,1,1350.71
6389,3414,180,1,1705.09
6390,3415,198,1,1607.81
6391,3415,180,1,1705.09
6392,3415,40,2,164.61
6393,3416,85,2,1548.36
6394,3416,187,2,108.12
6395,3417,187,1,116.57
6396,3417,176,1,798.78
6397,3417,139,1,54.33
6398,3418,88,1,176.52
6399,3419,176,1,798.78
6400,3419,83,1,1046.86
6401,3419,197,1,1959.53
6402,3419,85,1,1548.36
6403,3420,40,1,182.89
6404,3420,187,1,116.57
6405,3421,83,1,1046.86
6406,3421,54,1,1116.55
6407,3421,111,4,1271.6
6408,3422,85,1,1548.36
6409,3423,85,2,1377.8
6410,3424,147,1,1213.76
6411,3424,187,1,116.57
6412,3424,67,1,1662.81
6413,3425,25,1,101.44
6414,3426,61,1,211.02
6415,3427,56,2,1350.71
6416,3427,85,1,1548.36
6417,3428,85,1,1548.36
6418,3428,146,1,1737.99
6419,3428,96,2,374.13
6420,3429,88,2,206.14
6421,3430,171,4,128.74
6422,3431,85,1,1548.36
6423,3432,40,2,182.89
6424,3432,187,1,116.57
6425,3433,112,1,1170.19
6426,3433,111,1,1394.33
6427,3434,83,1,1046.86
6428,3435,111,1,1394.33
6429,3435,69,1,647.25
6430,3436,187,1,116.57
6431,3437,88,1,206.14
6432,3437,187,4,116.57
6433,3438,140,3,235.21
6434,3439,36,3,57.9
6435,3439,197,1,1766.49
6436,3439,187,1,116.57
6437,3439,180,4,1485.74
6438,3440,163,1,598.95
6439,3441,169,2,247.79
6440,3441,187,1,110.09
6441,3441,85,2,1548.36
6442,3442,40,1,182.89
6443,3442,187,1,116.57
6444,3443,56,1,1230.97
6445,3443,187,1,116.57
6446,3443,25,4,101.44
6447,3444,40,4,182.89
6448,3444,111,1,1394.33
6449,3445,86,1,1329.75
6450,3446,187,5,116.57
6451,3446,157,2,1636.62
6452,3446,40,4,182.89
6453,3447,85,3,1548.36
6454,3448,96,1,374.13
6455,3449,56,1,1350.71
6456,3449,71,3,595.31
6457,3449,187,1,116.57
6458,3449,85,1,1548.36
6459,3450,85,1,1548.36
6460,3451,185,2,1083.61
6461,3452,179,3,1752.38
6462,3453,97,1,1206.38
6463,3454,187,4,108.53
6464,3455,187,1,116.57
6465,3455,192,3,104.24
6466,3456,56,1,1350.71
6467,3456,25,3,101.44
6468,3457,85,1,1548.36
6469,3457,40,1,170.36
6470,3457,187,1,116.57
6471,3458,40,3,182.89
6472,3458,87,3,695.57
6473,3458,88,2,206.14
6474,3458,193,1,1851.11
6475,3459,40,1,182.89
6476,3460,85,2,1400.41
6477,3461,88,1,206.14
6478,3462,1,2,1700.76
6479,3462,85,2,1548.36
6480,3463,187,3,99.2
6481,3463,133,2,1933.11
6482,3464,85,2,1548.36
6483,3464,146,2,1606.09
6484,3465,100,1,633.75
6485,3465,187,3,116.57
6486,3465,153,2,918.17
6487,3466,65,2,1118.16
6488,3467,37,2,1917.91
6489,3468,1,1,1554.48
6490,3468,126,2,1851.05
6491,3468,88,1,177.52
6492,3469,40,1,182.89
6493,3469,122,2,866.44
6494,3470,187,4,116.57
6495,3470,76,2,107.97
6496,3471,133,1,1933.11
6497,3472,153,1,918.17
6498,3472,187,1,116.57
6499,3473,56,1,1350.71
6500,3473,187,1,116.57
6501,3473,127,5,68.25
6502,3474,187,1,116.57
6503,3475,85,1,1548.36
6504,3476,40,1,156.9
6505,3477,1,1,1818.9
6506,3477,152,5,1737.5
6507,3477,85,3,1548.36
6508,3477,187,1,116.57
6509,3478,187,1,116.57
6510,3479,187,1,116.57
6511,3480,88,1,206.14
6512,3480,180,1,1705.09
6513,3480,87,3,759.22
6514,3481,187,1,116.57
6515,3482,25,1,101.44
6516,3482,152,2,1737.5
6517,3482,138,3,1573.62
6518,3483,133,2,1933.11
6519,3483,1,2,1546.42
6520,3484,187,1,102.8
6521,3484,85,3,1548.36
6522,3485,137,1,944.88
6523,3486,127,2,68.25
6524,3486,40,2,182.89
6525,3487,56,2,1350.71
6526,3487,1,2,1818.9
6527,3487,85,3,1367.68
6528,3488,185,1,1150.61
6529,3488,85,3,1548.36
6530,3489,158,1,227.56
6531,3489,176,2,798.78
6532,3490,176,1,698.59
6533,3491,85,1,1548.36
6534,3492,85,2,1395.41
6535,3493,25,3,94.17
6536,3493,79,1,1785.41
6537,3493,187,5,108.22
6538,3494,187,2,109.45
6539,3495,187,3,103.86
6540,3496,136,4,1612.44
6541,3497,136,1,1612.44
6542,3498,180,1,1449.89
6543,3499,85,2,1548.36
6544,3499,147,1,1213.76
6545,3499,176,1,798.78
6546,3500,40,1,182.89
6547,3500,85,1,1548.36
6548,3500,181,2,105.12
6549,3501,187,3,116.57
6550,3501,40,2,166.85
6551,3501,56,1,1350.71
6552,3502,187,1,116.57
6553,3502,48,2,1050.45
6554,3503,187,4,116.57
6555,3504,40,1,182.89
6556,3504,1,1,1682.39
6557,3505,88,2,206.14
6558,3505,187,2,116.57
6559,3505,110,1,1022.04
6560,3506,187,3,116.57
6561,3506,181,1,105.12
6562,3506,88,1,206.14
6563,3507,23,1,186.28
6564,3508,170,1,54.03
6565,3509,180,1,1705.09
6566,3510,85,1,1548.36
6567,3511,187,2,116.57
6568,3512,96,1,320.7
6569,3513,187,2,116.57
6570,3513,138,2,1573.62
6571,3514,75,3,345.09
6572,3515,187,2,116.57
6573,3515,85,1,1548.36
6574,3516,59,2,1459.18
6575,3516,17,2,1521.63
6576,3517,85,4,1548.36
6577,3518,1,1,1818.9
6578,3518,40,3,173.37
6579,3519,110,2,1022.04
6580,3520,187,2,116.57
6581,3521,22,3,1306.35
6582,3521,18,3,1444.26
6583,3522,18,1,1444.26
6584,3522,36,4,55.46
6585,3522,85,1,1548.36
6586,3523,85,2,1548.36
6587,3523,56,1,1350.71
6588,3524,6,3,1439.16
6589,3525,56,1,1246.01
6590,3525,192,1,121.94
6591,3526,187,2,104.75
6592,3527,180,3,1705.09
6593,3527,102,3,1944.19
6594,3527,25,1,101.44
6595,3527,85,2,1548.36
6596,3528,187,2,109.16
6597,3529,85,1,1548.36
6598,3529,165,4,1843.44
6599,3530,85,2,1548.36
6600,3530,40,1,182.89
6601,3530,187,2,105.76
6602,3530,56,2,1350.71
6603,3531,85,1,1386.08
6604,3532,94,2,1665.43
6605,3533,82,1,1788.92
6606,3533,187,3,108.58
6607,3533,88,5,206.14
6608,3534,187,1,116.57
6609,3535,48,1,1050.45
6610,3536,85,1,1548.36
6611,3536,40,5,182.89
6612,3536,86,2,1329.75
6613,3537,40,1,182.89
6614,3538,56,3,1193.23
6615,3538,75,1,345.09
6616,3539,85,4,1548.36
6617,3539,88,1,206.14
6618,3540,124,1,1912.09
6619,3540,136,4,1612.44
6620,3540,187,1,116.57
6621,3540,180,1,1705.09
6622,3541,1,1,1818.9
6623,3541,82,1,1788.92
6624,3542,28,2,305.3
6625,3543,111,1,1394.33
6626,3543,37,1,1917.91
6627,3544,85,1,1548.36
6628,3544,51,1,1655.88
6629,3545,181,2,105.12
6630,3545,8,4,558.31
6631,3546,85,1,1548.36
6632,3546,138,1,1573.62
6633,3547,60,3,1366.37
6634,3547,167,1,583.03
6635,3548,6,5,1439.16
6636,3548,178,2,1018.47
6637,3548,40,1,182.89
6638,3549,60,2,1324.88
6639,3549,111,1,1198.78
6640,3550,55,1,213.42
6641,3550,133,1,1933.11
6642,3551,2,2,1405.12
6643,3552,56,1,1350.71
6644,3553,187,1,116.57
6645,3553,25,1,87.91
6646,3554,85,1,1548.36
6647,3555,7,3,909.19
6648,3555,56,1,1350.71
6649,3556,199,2,1563.15
6650,3557,2,1,1405.12
6651,3558,127,1,68.25
6652,3558,145,1,1219.52
6653,3559,21,3,1110.28
6654,3560,54,3,1116.55
6655,3560,184,2,513.04
6656,3560,41,1,983.07
6657,3561,187,1,116.57
6658,3562,113,1,414.76
6659,3563,40,5,182.89
6660,3563,187,1,116.57
6661,3563,181,1,105.12
6662,3563,197,1,1959.53
6663,3564,145,1,1219.52
6664,3564,25,4,101.44
6665,3565,37,1,1917.91
6666,3566,161,2,308.57
6667,3567,128,1,1118.85
6668,3567,87,5,707.84
6669,3568,139,1,47.0
6670,3568,34,1,706.15
6671,3569,176,1,798.78
6672,3570,57,1,576.12
6673,3570,25,4,101.44
6674,3570,176,3,721.7
6675,3571,85,1,1413.84
6676,3571,111,1,1394.33
6677,3571,27,4,672.46
6678,3572,127,1,68.25
6679,3572,187,3,116.57
6680,3573,123,2,1332.13
6681,3573,110,3,1022.04
6682,3573,36,1,59.22
6683,3574,180,1,1705.09
6684,3575,96,1,374.13
6685,3575,110,1,948.39
6686,3576,180,2,1613.03
6687,3576,48,4,1050.45
6688,3577,25,1,101.44
6689,3578,187,1,116.57
6690,3579,85,2,1368.95
6691,3579,187,1,116.57
6692,3580,187,2,116.57
6693,3581,111,1,1219.13
6694,3582,187,2,103.23
6695,3583,88,1,178.25
6696,3583,130,1,228.78
6697,3583,40,4,182.89
6698,3584,33,5,1170.08
6699,3584,40,1,161.71
6700,3584,85,1,1548.36
6701,3585,74,2,1873.3
6702,3586,180,1,1705.09
6703,3587,96,1,374.13
6704,3587,4,5,1837.93
6705,3588,187,1,116.57
6706,3588,1,1,1818.9
6707,3589,85,1,1548.36
6708,3590,111,2,1394.33
6709,3591,133,3,1933.11
6710,3592,187,2,116.57
6711,3592,94,2,1665.43
6712,3593,110,1,1022.04
6713,3594,88,2,206.14
6714,3594,187,3,116.57
6715,3594,25,1,101.44
6716,3595,187,2,116.57
6717,3596,187,2,100.12
6718,3596,62,2,1659.8
6719,3597,187,2,107.79
6720,3598,111,2,1278.61
6721,3598,48,1,1050.45
6722,3598,187,1,116.57
6723,3599,85,4,1548.36
6724,3599,180,4,1705.09
6725,3599,22,1,1306.35
6726,3600,120,1,806.6
6727,3600,136,2,1485.61
6728,3600,187,1,116.57
6729,3601,171,1,128.74
6730,3601,176,2,798.78
6731,3602,83,2,1046.86
6732,3603,95,3,322.66
6733,3603,60,1,1541.69
6734,3603,85,1,1548.36
6735,3604,127,1,68.25
6736,3605,56,1,1350.71
6737,3606,56,1,1350.71
6738,3606,187,5,116.57
6739,3607,85,1,1548.36
6740,3608,138,1,1413.98
6741,3609,187,2,116.57
6742,3609,85,2,1548.36
6743,3610,137,3,944.88
6744,3610,133,1,1933.11
6745,3610,25,1,101.44
6746,3610,185,3,1150.61
6747,3611,144,1,1070.45
6748,3611,187,1,116.57
6749,3612,28,1,305.3
6750,3613,172,1,364.96
6751,3614,111,1,1394.33
6752,3615,40,1,182.89
6753,3616,133,2,1933.11
6754,3616,85,1,1548.36
6755,3617,111,1,1394.33
6756,3618,88,1,189.97
6757,3618,134,4,1199.76
6758,3619,187,1,116.57
6759,3620,85,1,1548.36
6760,3620,187,1,99.46
6761,3621,85,1,1548.36
6762,3621,17,1,1439.67
6763,3621,84,2,644.86
6764,3622,185,3,1150.61
6765,3623,78,1,1984.9
6766,3623,127,3,60.48
6767,3624,187,1,116.57
6768,3624,96,1,374.13
6769,3624,87,2,759.22
6770,3624,56,1,1350.71
6771,3625,187,2,116.57
6772,3625,1,2,1818.9
6773,3626,85,2,1548.36
6774,3626,56,1,1350.71
6775,3627,187,1,116.57
6776,3627,163,1,569.19
6777,3627,40,1,182.89
6778,3627,25,1,101.44
6779,3628,180,3,1705.09
6780,3629,100,4,633.75
6781,3630,139,1,54.33
6782,3631,187,2,116.57
6783,3632,141,1,1662.1
6784,3632,123,2,1332.13
6785,3633,187,1,116.57
6786,3634,185,3,1150.61
6787,3635,180,1,1534.58
6788,3636,187,2,116.57
6789,3637,200,1,1291.76
6790,3637,1,1,1818.9
6791,3637,134,2,1199.76
6792,3637,110,1,1022.04
6793,3638,2,2,1405.12
6794,3638,138,2,1573.62
6795,3638,176,1,708.14
6796,3638,65,1,1118.16
6797,3639,40,1,182.89
6798,3640,187,1,104.17
6799,3640,197,4,1823.06
6800,3641,187,3,116.57
6801,3641,162,1,1652.66
6802,3641,25,1,101.44
6803,3642,56,3,1350.71
6804,3642,165,1,1843.44
6805,3643,188,1,759.13
6806,3644,34,1,706.15
6807,3644,193,2,1851.11
6808,3644,187,2,109.54
6809,3644,40,1,182.89
6810,3645,85,3,1548.36
6811,3646,56,1,1350.71
6812,3647,40,1,161.63
6813,3648,187,3,116.57
6814,3648,56,4,1254.63
6815,3648,85,1,1548.36
6816,3649,187,1,116.57
6817,3649,40,2,161.91
6818,3650,71,2,595.31
6819,3650,111,1,1394.33
6820,3651,56,3,1350.71
6821,3652,36,3,64.17
6822,3652,187,1,116.57
6823,3653,85,3,1411.77
6824,3653,88,1,206.14
6825,3653,81,1,1783.66
6826,3653,56,4,1350.71
6827,3654,96,2,374.13
6828,3654,9,3,209.95
6829,3654,88,2,206.14
6830,3655,90,2,538.93
6831,3655,88,1,206.14
6832,3655,57,1,576.12
6833,3655,180,1,1705.09
6834,3656,127,1,58.78
6835,3657,139,1,51.13
6836,3657,173,1,112.67
6837,3657,37,1,1917.91
6838,3657,107,3,265.77
6839,3658,40,1,182.89
6840,3659,85,1,1548.36
6841,3660,187,2,100.1
6842,3661,94,1,1665.43
6843,3661,134,3,1114.84
6844,3661,75,2,345.09
6845,3662,187,1,104.25
6846,3662,1,3,1562.49
6847,3662,123,5,1332.13
6848,3662,88,1,188.09
6849,3663,127,3,68.25
6850,3663,36,1,58.99
6851,3663,139,5,54.33
6852,3664,127,1,68.25
6853,3664,103,2,956.9
6854,3665,187,2,106.78
6855,3665,56,1,1350.71
6856,3666,197,2,1701.12
6857,3667,40,1,182.89
6858,3667,180,1,1705.09
6859,3668,200,1,1112.55
6860,3668,136,1,1612.44
6861,3669,62,1,1588.53
6862,3669,96,1,374.13
6863,3670,77,1,880.93
6864,3671,7,1,909.19
6865,3672,25,2,101.44
6866,3673,136,1,1612.44
6867,3673,111,1,1394.33
6868,3674,180,2,1586.51
6869,3674,188,2,759.13
6870,3675,40,4,182.89
6871,3675,128,2,1118.85
6872,3675,176,1,693.58
6873,3675,85,1,1356.8
6874,3676,187,1,100.17
6875,3677,187,2,108.83
6876,3678,187,1,116.57
6877,3678,53,1,296.83
6878,3679,192,1,121.94
6879,3680,111,1,1394.33
6880,3680,40,3,182.89
6881,3681,187,1,116.57
6882,3681,17,1,1366.07
6883,3681,40,3,182.89
6884,3681,185,1,1150.61
6885,3682,181,1,91.16
6886,3682,25,4,88.46
6887,3682,85,2,1548.36
6888,3682,161,3,308.57
6889,3683,185,2,1150.61
6890,3684,180,3,1597.68
6891,3685,87,2,759.22
6892,3685,187,3,116.57
6893,3686,85,2,1548.36
6894,3686,185,1,1150.61
6895,3687,25,2,101.44
6896,3687,185,1,1050.17
6897,3687,193,1,1851.11
6898,3687,136,1,1499.93
6899,3688,110,1,945.76
6900,3688,85,1,1548.36
6901,3688,187,1,116.57
6902,3689,40,2,182.89
6903,3689,85,1,1548.36
6904,3690,163,1,633.77
6905,3690,180,3,1705.09
6906,3691,25,1,101.44
6907,3691,85,1,1548.36
6908,3691,187,1,116.57
6909,3692,176,1,798.78
6910,3692,1,1,1818.9
6911,3692,85,1,1548.36
6912,3692,180,1,1705.09
6913,3693,187,1,116.57
6914,3693,40,1,156.87
6915,3694,174,3,1190.06
6916,3694,187,1,116.57
6917,3695,197,1,1959.53
6918,3695,85,2,1548.36
6919,3695,187,2,116.57
6920,3696,3,5,545.69
6921,3697,136,3,1612.44
6922,3697,25,1,101.44
6923,3698,187,1,116.57
6924,3699,165,2,1843.44
6925,3699,40,1,182.89
6926,3700,51,1,1655.88
6927,3701,85,1,1548.36
6928,3701,111,1,1394.33
6929,3702,85,1,1392.74
6930,3702,187,2,102.27
6931,3702,162,4,1652.66
6932,3702,17,2,1521.63
6933,3703,176,1,798.78
6934,3703,181,2,89.94
6935,3704,85,1,1548.36
6936,3705,63,1,475.05
6937,3706,187,1,116.57
6938,3706,85,1,1548.36
6939,3706,1,2,1818.9
6940,3706,65,1,1118.16
6941,3707,136,2,1475.07
6942,3707,50,1,57.94
6943,3707,56,1,1350.71
6944,3708,28,1,305.3
6945,3708,111,1,1394.33
6946,3709,187,1,116.57
6947,3710,29,1,223.84
6948,3710,1,1,1818.9
6949,3711,187,1,116.57
6950,3712,40,3,158.58
6951,3712,138,1,1573.62
6952,3713,187,1,116.57
6953,3713,40,5,182.89
6954,3714,75,1,345.09
6955,3714,85,1,1548.36
6956,3715,40,2,171.36
6957,3715,187,1,116.57
6958,3716,46,1,547.88
6959,3717,187,2,116.57
6960,3718,56,1,1350.71
6961,3719,1,3,1818.9
6962,3720,87,1,759.22
6963,3721,149,1,652.39
6964,3722,120,1,806.6
6965,3722,111,4,1394.33
6966,3723,152,3,1737.5
6967,3723,85,1,1548.36
6968,3724,62,2,1732.35
6969,3724,17,1,1323.72
6970,3724,187,2,116.57
6971,3725,25,1,101.44
6972,3726,187,1,116.57
6973,3727,180,1,1705.09
6974,3727,187,2,116.57
6975,3727,135,1,1867.32
6976,3728,85,5,1548.36
6977,3728,37,1,1917.91
6978,3729,175,1,1367.5
6979,3729,187,1,116.57
6980,3730,40,1,182.89
6981,3730,127,4,68.25
6982,3731,88,1,206.14
6983,3731,127,1,68.25
6984,3732,127,1,68.25
6985,3733,56,3,1350.71
6986,3734,110,1,1022.04
6987,3734,66,1,753.8
6988,3735,85,1,1548.36
6989,3736,139,1,54.33
6990,3737,85,2,1548.36
6991,3737,40,1,157.18
6992,3737,96,1,374.13
6993,3738,139,1,54.33
6994,3738,62,1,1833.62
6995,3738,40,1,165.21
6996,3738,187,2,109.36
6997,3739,185,1,1150.61
6998,3740,56,1,1197.28
6999,3741,25,1,92.06
7000,3741,40,1,168.13
7001,3742,187,2,108.91
7002,3742,41,1,983.07
7003,3742,85,1,1548.36
7004,3742,1,1,1818.9
7005,3743,138,4,1573.62
7006,3743,152,1,1737.5
7007,3743,187,3,105.68
7008,3743,40,3,182.89
7009,3744,48,1,997.49
7010,3744,149,2,760.26
7011,3745,24,4,842.71
7012,3745,85,1,1548.36
7013,3746,187,2,116.57
7014,3746,75,1,345.09
7015,3747,40,1,182.89
7016,3747,152,2,1737.5
7017,3748,180,1,1705.09
7018,3748,127,1,68.25
7019,3748,138,2,1573.62
7020,3748,56,1,1350.71
7021,3749,187,2,116.57
7022,3749,85,2,1548.36
7023,3750,187,1,103.75
7024,3751,187,2,107.95
7025,3752,15,2,369.19
7026,3752,40,2,182.89
7027,3752,50,3,61.81
7028,3752,187,1,116.57
7029,3753,10,2,1807.06
7030,3753,197,2,1959.53
7031,3754,187,3,116.57
7032,3754,136,1,1612.44
7033,3754,145,3,1219.52
7034,3754,182,2,354.9
7035,3755,190,1,197.05
7036,3755,106,1,473.95
7037,3756,127,1,68.25
7038,3756,78,1,1845.96
7039,3756,136,2,1612.44
7040,3757,56,2,1350.71
7041,3758,180,2,1705.09
7042,3759,40,4,182.89
7043,3760,48,1,1050.45
7044,3760,187,1,108.6
7045,3760,118,2,243.52
7046,3761,25,1,95.83
7047,3762,151,1,1310.48
7048,3763,127,2,68.25
7049,3763,85,1,1390.01
7050,3764,85,5,1548.36
7051,3764,144,2,1070.45
7052,3764,9,1,188.2
7053,3764,40,1,182.89
7054,3765,187,2,116.57
7055,3765,88,1,206.14
7056,3765,6,1,1439.16
7057,3765,173,2,124.75
7058,3766,82,1,1788.92
7059,3767,185,2,1150.61
7060,3767,15,2,369.19
7061,3767,138,2,1573.62
7062,3768,187,1,116.57
7063,3768,134,1,1108.49
7064,3769,188,1,653.56
7065,3769,187,1,116.57
7066,3769,40,1,182.89
7067,3769,113,1,414.76
7068,3770,184,3,442.4
7069,3770,187,1,116.57
7070,3771,34,2,706.15
7071,3771,133,3,1933.11
7072,3772,85,1,1333.49
7073,3772,187,1,116.57
7074,3773,85,3,1548.36
7075,3773,40,1,182.89
7076,3773,187,3,116.57
7077,3773,188,1,694.98
7078,3774,141,2,1662.1
7079,3774,193,2,1851.11
7080,3775,68,1,1620.15
7081,3775,16,1,1544.39
7082,3776,24,3,842.71
7083,3777,111,2,1394.33
7084,3777,163,1,633.77
7085,3778,48,1,1050.45
7086,3779,56,1,1350.71
7087,3779,113,2,361.02
7088,3780,187,2,116.57
7089,3781,185,1,1150.61
7090,3781,187,1,116.57
7091,3781,146,1,1737.99
7092,3781,96,2,344.36
7093,3782,85,4,1548.36
7094,3782,1,1,1818.9
7095,3783,176,1,725.91
7096,3783,187,3,116.57
7097,3783,170,2,57.25
7098,3784,96,3,374.13
7099,3785,187,1,116.57
7100,3785,6,2,1439.16
7101,3786,187,1,116.57
7102,3786,85,2,1548.36
7103,3786,181,1,105.12
7104,3786,100,1,568.14
7105,3787,18,1,1444.26
7106,3788,176,1,798.78
7107,3789,111,1,1270.46
7108,3789,85,1,1548.36
7109,3789,185,1,1150.61
7110,3790,97,1,1106.89
7111,3790,85,2,1410.27
7112,3790,187,2,116.57
7113,3790,25,3,101.44
7114,3791,187,2,116.57
7115,3791,138,1,1573.62
7116,3792,113,4,414.76
7117,3792,187,2,106.66
7118,3793,25,1,101.44
7119,3793,187,3,116.57
7120,3794,40,1,182.89
7121,3794,146,1,1737.99
7122,3794,145,2,1219.52
7123,3794,25,1,101.44
7124,3795,85,1,1316.71
7125,3796,25,1,101.44
7126,3797,113,2,414.76
7127,3797,122,4,986.88
7128,3798,134,1,1199.76
7129,3799,56,1,1225.57
7130,3800,187,1,116.57
7131,3800,133,1,1933.11
7132,3801,136,4,1612.44
7133,3801,2,2,1286.67
7134,3801,185,3,1049.37
7135,3802,176,3,798.78
7136,3802,139,1,54.33
7137,3802,36,1,64.17
7138,3802,79,3,1785.41
7139,3803,136,2,1612.44
7140,3803,187,2,116.57
7141,3804,187,3,116.57
7142,3805,17,1,1521.63
7143,3805,1,1,1818.9
7144,3805,68,1,1620.15
7145,3805,187,2,116.57
7146,3806,85,1,1462.06
7147,3806,25,3,93.59
7148,3806,22,1,1306.35
7149,3806,187,1,116.57
7150,3807,187,3,116.57
7151,3807,1,1,1818.9
7152,3807,61,3,232.43
7153,3808,56,1,1158.08
7154,3809,85,2,1548.36
7155,3809,176,2,798.78
7156,3809,77,1,814.35
7157,3810,85,1,1548.36
7158,3810,40,2,182.89
7159,3811,85,2,1548.36
7160,3811,96,1,374.13
7161,3812,85,1,1548.36
7162,3813,133,1,1933.11
7163,3814,163,1,633.77
7164,3814,180,1,1705.09
7165,3814,125,1,586.45
7166,3814,18,3,1444.26
7167,3815,85,4,1548.36
7168,3815,13,2,546.9
7169,3815,105,1,46.61
7170,3816,40,1,182.89
7171,3817,96,1,374.13
7172,3817,18,1,1444.26
7173,3817,85,1,1548.36
7174,3817,61,1,232.43
7175,3818,155,1,487.83
7176,3819,187,2,108.26
7177,3819,124,1,1776.8
7178,3820,176,3,798.78
7179,3820,85,1,1548.36
7180,3821,110,4,1022.04
7181,3822,172,4,330.05
7182,3822,85,1,1548.36
7183,3822,87,1,759.22
7184,3822,147,1,1213.76
7185,3823,187,3,116.57
7186,3823,3,2,545.69
7187,3823,56,1,1159.67
7188,3824,110,4,1022.04
7189,3825,68,1,1620.15
7190,3826,47,1,640.43
7191,3826,85,2,1548.36
7192,3826,56,1,1350.71
7193,3827,186,1,843.62
7194,3827,61,3,232.43
7195,3828,117,1,278.63
7196,3828,176,1,747.59
7197,3829,40,2,182.89
7198,3830,197,1,1959.53
7199,3831,40,2,156.11
7200,3832,25,1,101.44
7201,3832,173,3,124.75
7202,3833,185,1,1150.61
7203,3833,40,1,182.89
7204,3833,1,2,1818.9
7205,3834,123,1,1332.13
7206,3835,85,1,1390.73
7207,3836,54,1,1116.55
7208,3837,133,4,1933.11
7209,3838,185,2,1150.61
7210,3838,85,1,1548.36
7211,3839,98,3,1751.51
7212,3840,56,1,1350.71
7213,3840,74,2,1873.3
7214,3840,176,1,798.78
7215,3841,76,1,107.97
7216,3841,186,1,843.62
7217,3841,187,5,116.57
7218,3842,139,2,54.33
7219,3842,85,1,1455.02
7220,3843,85,1,1548.36
7221,3844,14,1,1166.43
7222,3844,111,2,1394.33
7223,3844,187,2,116.57
7224,3844,138,1,1573.62
7225,3845,40,2,167.67
7226,3846,187,1,116.57
7227,3846,50,1,61.81
7228,3846,85,1,1548.36
7229,3846,188,1,759.13
7230,3847,194,1,200.94
7231,3847,25,1,101.44
7232,3848,72,1,1039.33
7233,3848,56,1,1350.71
7234,3849,138,1,1573.62
7235,3849,124,4,1742.64
7236,3849,116,2,1338.47
7237,3850,187,3,116.57
7238,3850,36,4,64.17
7239,3851,187,1,116.57
7240,3851,139,2,49.54
7241,3852,77,4,754.17
7242,3852,88,2,206.14
7243,3853,1,1,1818.9
7244,3854,1,3,1818.9
7245,3854,187,5,116.57
7246,3854,133,1,1933.11
7247,3854,186,2,843.62
7248,3855,75,2,301.75
7249,3856,85,1,1548.36
7250,3857,13,1,625.1
7251,3857,85,2,1548.36
7252,3858,187,3,116.57
7253,3858,56,4,1350.71
7254,3859,18,1,1306.15
7255,3859,137,2,944.88
7256,3860,85,1,1366.18
7257,3860,56,1,1350.71
7258,3860,62,1,1833.62
7259,3861,10,3,1807.06
7260,3861,88,1,185.23
7261,3862,85,2,1548.36
7262,3863,17,5,1351.91
7263,3864,187,1,116.57
7264,3864,185,5,1150.61
7265,3865,187,1,116.57
7266,3865,152,1,1737.5
7267,3866,187,1,116.57
7268,3866,88,3,176.06
7269,3866,1,1,1818.9
7270,3867,187,4,116.57
7271,3868,187,2,110.04
7272,3869,85,1,1385.81
7273,3870,187,1,116.57
7274,3870,102,1,1944.19
7275,3871,56,2,1350.71
7276,3871,48,1,901.48
7277,3872,85,2,1548.36
7278,3872,133,1,1933.11
7279,3873,96,1,374.13
7280,3873,109,3,260.35
7281,3873,180,2,1705.09
7282,3874,198,2,1607.81
7283,3874,94,1,1665.43
7284,3874,85,1,1548.36
7285,3875,123,3,1332.13
7286,3876,188,1,661.49
7287,3877,85,2,1439.76
7288,3877,152,1,1737.5
7289,3878,96,2,374.13
7290,3878,40,2,155.51
7291,3878,90,1,492.34
7292,3879,187,2,116.57
7293,3880,127,1,68.25
7294,3880,117,1,278.63
7295,3881,88,1,206.14
7296,3881,187,3,105.33
7297,3882,96,2,374.13
7298,3882,118,1,264.16
7299,3883,1,2,1818.9
7300,3883,165,3,1843.44
7301,3883,40,1,182.89
7302,3884,179,2,1752.38
7303,3885,14,3,1166.43
7304,3885,187,1,103.85
7305,3885,145,1,1219.52
7306,3886,134,2,1199.76
7307,3886,1,2,1818.9
7308,3887,69,2,647.25
7309,3887,139,3,54.33
7310,3887,73,1,473.52
7311,3888,187,2,104.76
7312,3889,187,1,109.75
7313,3889,56,1,1278.09
7314,3890,85,1,1548.36
7315,3891,176,1,798.78
7316,3892,56,1,1178.01
7317,3892,171,2,128.74
7318,3892,187,1,110.3
7319,3892,2,1,1233.1
7320,3893,187,2,116.57
7321,3894,85,1,1548.36
7322,3894,187,1,116.57
7323,3894,157,5,1636.62
7324,3894,83,2,1046.86
7325,3895,167,2,583.03
7326,3896,133,1,1933.11
7327,3897,187,4,116.57
7328,3897,40,1,182.89
7329,3898,40,1,182.89
7330,3899,27,1,672.46
7331,3899,48,5,904.44
7332,3899,40,1,182.89
7333,3900,48,3,1050.45
7334,3900,138,2,1573.62
7335,3901,88,1,206.14
7336,3901,163,1,633.77
7337,3901,46,2,547.88
7338,3902,50,2,61.81
7339,3902,1,1,1818.9
7340,3903,109,2,260.35
7341,3903,85,2,1548.36
7342,3903,187,1,116.57
7343,3904,85,1,1548.36
7344,3904,147,2,1213.76
7345,3904,56,2,1350.71
7346,3905,121,2,615.18
7347,3906,187,2,116.57
7348,3906,127,3,68.25
7349,3906,176,3,798.78
7350,3907,40,1,182.89
7351,3907,180,1,1705.09
7352,3908,85,1,1548.36
7353,3909,191,4,1466.73
7354,3909,157,3,1636.62
7355,3910,40,1,182.89
7356,3911,85,1,1548.36
7357,3912,138,1,1573.62
7358,3913,117,1,255.88
7359,3914,187,1,116.57
7360,3914,163,1,633.77
7361,3915,40,1,182.89
7362,3915,9,2,196.26
7363,3915,173,1,118.33
7364,3916,138,1,1573.62
7365,3917,89,1,1291.57
7366,3917,136,3,1612.44
7367,3918,58,2,1325.32
7368,3918,187,1,116.57
7369,3919,180,3,1705.09
7370,3920,139,1,54.33
7371,3920,187,2,116.57
7372,3921,85,2,1548.36
7373,3921,187,3,109.54
7374,3922,187,2,116.57
7375,3922,76,1,100.92
7376,3923,85,3,1548.36
7377,3924,187,2,116.57
7378,3925,180,1,1705.09
7379,3925,111,2,1394.33
7380,3926,187,1,116.57
7381,3926,200,1,1156.79
7382,3927,106,5,473.95
7383,3927,187,4,116.57
7384,3928,85,2,1548.36
7385,3928,40,1,167.39
7386,3929,113,1,414.76
7387,3930,88,3,206.14
7388,3930,40,1,182.89
7389,3931,2,1,1405.12
7390,3931,190,1,206.39
7391,3932,1,1,1818.9
7392,3933,187,1,116.57
7393,3933,85,1,1548.36
7394,3934,56,1,1350.71
7395,3934,187,1,116.57
7396,3935,34,5,706.15
7397,3935,187,3,116.57
7398,3936,197,1,1959.53
7399,3937,185,2,1032.48
7400,3938,40,1,167.28
7401,3939,187,1,116.57
7402,3940,176,1,798.78
7403,3940,56,1,1274.72
7404,3940,187,1,116.57
7405,3940,40,1,182.89
7406,3941,85,2,1548.36
7407,3941,1,1,1818.9
7408,3941,24,1,842.71
7409,3942,90,2,538.93
7410,3943,169,5,247.79
7411,3943,14,3,1166.43
7412,3943,111,1,1394.33
7413,3944,187,1,116.57
7414,3945,88,2,206.14
7415,3946,69,1,647.25
7416,3947,187,1,99.12
7417,3947,90,1,538.93
7418,3948,184,1,513.04
7419,3949,100,1,633.75
7420,3950,60,1,1541.69
7421,3950,187,2,107.91
7422,3951,123,1,1332.13
7423,3952,10,3,1807.06
7424,3953,187,1,116.57
7425,3954,36,2,64.17
7426,3955,120,2,806.6
7427,3955,81,1,1783.66
7428,3955,187,1,116.57
7429,3955,85,1,1548.36
7430,3956,128,3,1118.85
7431,3957,180,1,1705.09
7432,3958,187,3,116.57
7433,3959,156,1,1496.85
7434,3959,96,1,374.13
7435,3959,36,1,64.17
7436,3959,85,1,1548.36
7437,3960,187,1,116.57
7438,3961,187,1,116.57
7439,3961,81,4,1783.66
7440,3962,187,1,116.57
7441,3962,186,1,843.62
7442,3963,187,1,116.57
7443,3964,61,2,232.43
7444,3964,18,1,1444.26
7445,3965,139,1,54.33
7446,3965,100,4,633.75
7447,3966,152,2,1478.31
7448,3966,180,1,1705.09
7449,3967,40,1,182.89
7450,3967,85,4,1548.36
7451,3968,157,2,1636.62
7452,3968,25,2,101.44
7453,3969,81,1,1783.66
7454,3969,25,1,101.44
7455,3969,121,1,615.18
7456,3970,25,1,101.44
7457,3971,50,4,61.81
7458,3971,25,3,101.44
7459,3971,31,2,356.94
7460,3972,170,1,60.89
7461,3972,82,3,1788.92
7462,3973,187,2,99.72
7463,3973,176,1,798.78
7464,3974,85,1,1548.36
7465,3975,180,1,1705.09
7466,3975,40,2,182.89
7467,3976,181,1,94.9
7468,3977,187,1,116.57
7469,3977,85,1,1548.36
7470,3977,60,1,1426.29
7471,3978,25,2,101.44
7472,3978,17,1,1521.63
7473,3979,65,1,1118.16
7474,3979,75,2,345.09
7475,3980,134,1,1048.77
7476,3980,187,2,116.57
7477,3980,86,1,1329.75
7478,3980,46,2,547.88
7479,3981,85,3,1548.36
7480,3981,187,1,116.57
7481,3981,192,2,121.94
7482,3982,17,3,1360.99
7483,3982,40,1,182.89
7484,3983,187,1,116.57
7485,3983,25,1,101.44
7486,3983,75,5,345.09
7487,3984,187,4,116.57
7488,3984,25,2,101.44
7489,3985,1,3,1724.82
7490,3985,187,1,116.57
7491,3986,85,1,1548.36
7492,3986,9,2,209.95
7493,3986,187,2,116.57
7494,3986,60,1,1406.49
7495,3987,97,1,1206.38
7496,3988,1,1,1818.9
7497,3989,62,1,1833.62
7498,3990,56,1,1350.71
7499,3991,22,1,1181.41
7500,3992,147,3,1213.76
7501,3992,187,3,116.57
7502,3993,193,1,1851.11
7503,3993,135,1,1867.32
7504,3993,85,1,1317.24
7505,3994,187,3,116.57
7506,3994,180,1,1705.09
7507,3995,62,2,1833.62
7508,3996,110,1,906.13
7509,3997,85,1,1548.36
7510,3997,190,2,220.41
7511,3997,176,1,798.78
7512,3997,187,2,116.57
7513,3998,56,3,1350.71
7514,3998,176,1,798.78
7515,3998,34,1,706.15
7516,3998,87,3,759.22
7517,3999,176,1,798.78
7518,4000,85,2,1434.87
7519,4000,187,4,116.57
7520,4001,176,1,798.78
7521,4001,153,3,918.17
7522,4001,125,2,586.45
7523,4002,87,3,651.37
7524,4002,3,1,501.71
7525,4002,82,2,1788.92
7526,4002,56,1,1350.71
7527,4003,180,4,1563.96
7528,4003,187,2,116.57
7529,4003,44,1,1082.0
7530,4004,187,1,116.57
7531,4005,24,3,842.71
7532,4005,1,1,1818.9
7533,4006,180,1,1705.09
7534,4006,114,5,1611.97
7535,4007,56,2,1350.71
7536,4008,92,1,422.99
7537,4009,40,1,182.89
7538,4009,123,2,1256.95
7539,4010,40,3,182.89
7540,4011,41,1,983.07
7541,4012,96,4,319.21
7542,4012,165,3,1843.44
7543,4013,127,1,68.25
7544,4013,85,1,1548.36
7545,4013,170,2,60.89
7546,4014,91,2,1874.83
7547,4014,40,1,182.89
7548,4015,187,1,116.57
7549,4016,187,1,116.57
7550,4016,23,2,186.28
7551,4017,40,1,182.89
7552,4017,187,1,105.71
7553,4018,62,1,1833.62
7554,4019,26,1,997.6
7555,4019,185,1,1150.61
7556,4019,181,2,105.12
7557,4020,187,3,116.57
7558,4020,40,1,182.89
7559,4021,187,1,116.57
7560,4022,1,2,1818.9
7561,4023,40,1,182.89
7562,4023,78,3,1984.9
7563,4024,180,1,1485.91
7564,4025,187,2,116.57
7565,4025,193,1,1851.11
7566,4025,185,1,1150.61
7567,4025,56,1,1350.71
7568,4026,81,1,1595.47
7569,4027,193,1,1654.68
7570,4027,36,2,64.17
7571,4027,40,2,182.89
7572,4028,22,2,1306.35
7573,4028,16,1,1715.95
7574,4028,152,2,1737.5
7575,4028,40,1,182.89
7576,4029,198,4,1607.81
7577,4029,197,1,1959.53
7578,4029,187,1,116.57
7579,4030,54,3,1116.55
7580,4031,56,2,1350.71
7581,4032,127,1,68.25
7582,4033,96,2,374.13
7583,4033,138,1,1573.62
7584,4034,85,4,1548.36
7585,4035,68,2,1620.15
7586,4035,187,1,116.57
7587,4035,176,1,798.78
7588,4036,60,1,1541.69
7589,4036,40,2,170.09
7590,4037,187,1,116.57
7591,4037,48,2,1050.45
7592,4038,56,3,1350.71
7593,4038,62,2,1833.62
7594,4038,9,1,209.95
7595,4039,96,2,374.13
7596,4039,180,2,1705.09
7597,4039,152,4,1737.5
7598,4040,197,2,1959.53
7599,4040,111,1,1394.33
7600,4040,187,2,102.86
7601,4041,187,1,104.24
7602,4042,139,1,54.33
7603,4042,85,1,1548.36
7604,4043,25,2,101.44
7605,4043,88,1,206.14
7606,4043,187,1,116.57
7607,4043,85,1,1466.29
7608,4044,40,1,168.81
7609,4045,156,1,1496.85
7610,4046,139,1,54.33
7611,4046,1,1,1818.9
7612,4047,188,2,759.13
7613,4047,85,1,1548.36
7614,4047,22,1,1306.35
7615,4048,62,3,1833.62
7616,4049,56,1,1350.71
7617,4049,187,1,116.57
7618,4049,163,1,633.77
7619,4049,111,4,1394.33
7620,4050,148,1,836.3
7621,4050,85,1,1404.26
7622,4050,187,3,108.2
7623,4050,34,2,706.15
7624,4051,85,5,1321.41
7625,4052,187,1,116.57
7626,4053,41,2,983.07
7627,4054,187,1,116.57
7628,4055,180,2,1465.92
7629,4056,187,2,116.57
7630,4056,196,1,1807.16
7631,4056,167,2,525.86
7632,4057,158,3,208.07
7633,4057,133,1,1933.11
7634,4058,25,3,101.44
7635,4059,187,2,116.57
7636,4059,37,1,1692.5
7637,4059,136,2,1612.44
7638,4060,145,3,1219.52
7639,4061,187,1,104.28
7640,4061,25,1,101.44
7641,4062,69,4,647.25
7642,4062,120,1,806.6
7643,4062,85,1,1319.72
7644,4063,81,1,1783.66
7645,4063,187,1,116.57
7646,4063,127,4,68.25
7647,4064,180,5,1705.09
7648,4065,83,1,1046.86
7649,4066,85,1,1548.36
7650,4066,56,4,1350.71
7651,4067,96,3,374.13
7652,4068,27,1,672.46
7653,4068,187,1,116.57
7654,4069,19,2,874.98
7655,4070,56,2,1350.71
7656,4071,188,3,759.13
7657,4071,62,1,1696.58
7658,4072,129,2,1195.68
7659,4072,88,4,206.14
7660,4073,139,3,54.33
7661,4073,1,2,1676.07
7662,4073,25,2,101.44
7663,4074,56,2,1350.71
7664,4074,180,1,1705.09
7665,4075,65,2,1049.08
7666,4076,187,1,116.57
7667,4076,56,2,1350.71
7668,4076,101,2,1559.04
7669,4076,88,1,206.14
7670,4077,187,1,116.57
7671,4077,185,1,1150.61
7672,4077,1,1,1818.9
7673,4078,137,4,817.36
7674,4078,187,3,104.72
7675,4078,56,1,1350.71
7676,4079,111,1,1394.33
7677,4079,56,1,1350.71
7678,4080,187,1,116.57
7679,4081,85,1,1548.36
7680,4082,123,4,1332.13
7681,4082,20,1,1194.01
7682,4082,88,2,206.14
7683,4083,25,1,101.44
7684,4084,24,2,842.71
7685,4084,62,1,1833.62
7686,4085,162,1,1473.67
7687,4085,156,1,1496.85
7688,4085,88,1,192.05
7689,4086,139,1,54.33
7690,4086,85,1,1548.36
7691,4087,180,1,1590.91
7692,4088,17,1,1521.63
7693,4088,161,2,288.93
7694,4088,25,1,101.44
7695,4089,25,1,101.44
7696,4090,81,2,1783.66
7697,4090,34,1,706.15
7698,4090,190,1,220.41
7699,4090,62,1,1833.62
7700,4091,71,5,595.31
7701,4092,40,2,182.89
7702,4092,85,1,1380.71
7703,4093,96,3,350.67
7704,4094,180,1,1492.29
7705,4094,156,1,1496.85
7706,4095,180,2,1705.09
7707,4095,152,1,1737.5
7708,4095,197,1,1959.53
7709,4096,134,1,1199.76
7710,4096,187,3,116.57
7711,4097,101,4,1559.04
7712,4098,187,1,116.57
7713,4098,138,1,1467.25
7714,4099,85,1,1548.36
7715,4099,56,1,1350.71
7716,4099,187,1,116.57
7717,4100,24,2,770.32
7718,4101,187,3,101.41
7719,4101,96,1,352.05
7720,4101,47,4,631.96
7721,4102,187,4,116.57
7722,4103,40,2,182.89
7723,4103,62,3,1833.62
7724,4103,161,1,308.57
7725,4103,56,2,1350.71
7726,4104,22,2,1306.35
7727,4104,85,4,1548.36
7728,4105,187,1,116.57
7729,4106,185,1,1150.61
7730,4106,56,2,1350.71
7731,4107,56,1,1148.24
7732,4107,152,2,1737.5
7733,4108,197,2,1959.53
7734,4108,187,1,116.57
7735,4108,109,2,260.35
7736,4108,25,4,101.44
7737,4109,4,2,1938.94
7738,4110,119,1,1856.5
7739,4111,132,2,849.27
7740,4111,187,2,116.57
7741,4111,185,1,1150.61
7742,4112,25,1,101.44
7743,4113,187,3,116.57
7744,4113,121,4,615.18
7745,4114,120,2,806.6
7746,4115,85,2,1548.36
7747,4115,88,3,206.14
7748,4115,25,1,101.44
7749,4116,40,3,182.89
7750,4116,88,5,206.14
7751,4116,85,1,1548.36
7752,4117,180,2,1705.09
7753,4117,122,1,986.88
7754,4118,25,3,101.44
7755,4119,139,3,54.33
7756,4120,156,1,1496.85
7757,4120,180,2,1705.09
7758,4120,88,1,206.14
7759,4121,176,1,798.78
7760,4122,133,1,1933.11
7761,4122,187,4,116.57
7762,4122,59,2,1459.18
7763,4122,40,2,182.89
7764,4123,187,1,116.57
7765,4123,88,2,206.14
7766,4123,40,3,182.89
7767,4124,187,1,116.57
7768,4125,187,2,116.57
7769,4125,62,2,1833.62
7770,4126,1,1,1818.9
7771,4127,187,1,116.57
7772,4127,71,1,595.31
7773,4128,187,1,116.57
7774,4128,17,1,1521.63
7775,4129,85,1,1548.36
7776,4129,56,1,1350.71
7777,4130,176,1,798.78
7778,4130,144,1,1070.45
7779,4131,137,3,944.88
7780,4132,56,1,1350.71
7781,4132,187,2,107.14
7782,4133,75,3,345.09
7783,4134,176,2,798.78
7784,4135,85,1,1548.36
7785,4136,187,1,116.57
7786,4137,77,2,880.93
7787,4137,187,1,116.57
7788,4138,96,1,374.13
7789,4139,40,1,182.89
7790,4139,25,5,101.44
7791,4140,185,4,1005.61
7792,4140,187,1,116.57
7793,4141,40,2,182.89
7794,4141,17,1,1369.95
7795,4141,165,1,1843.44
7796,4141,176,2,733.62
7797,4142,40,2,182.89
7798,4142,85,1,1548.36
7799,4143,121,1,615.18
7800,4144,96,1,374.13
7801,4145,40,3,182.89
7802,4146,40,2,182.89
7803,4147,56,1,1350.71
7804,4147,171,2,128.74
7805,4148,40,2,182.89
7806,4148,123,4,1156.41
7807,4149,103,1,1010.97
7808,4149,180,2,1705.09
7809,4149,111,3,1277.03
7810,4149,24,1,842.71
7811,4150,187,1,116.57
7812,4151,56,3,1350.71
7813,4152,180,1,1705.09
7814,4153,40,1,182.89
7815,4154,187,2,116.57
7816,4154,160,1,1196.57
7817,4155,187,1,116.57
7818,4156,187,1,116.57
7819,4156,127,4,68.25
7820,4156,138,1,1573.62
7821,4157,187,1,116.57
7822,4157,122,1,887.73
7823,4157,4,5,1938.94
7824,4158,40,1,182.89
7825,4158,85,3,1548.36
7826,4158,187,2,107.97
7827,4158,46,2,547.88
7828,4159,64,1,93.11
7829,4159,192,1,121.94
7830,4160,187,1,105.21
7831,4160,56,3,1350.71
7832,4161,169,1,247.79
7833,4162,16,2,1715.95
7834,4162,187,2,116.57
7835,4163,100,1,633.75
7836,4164,56,1,1350.71
7837,4165,187,1,104.55
7838,4166,181,1,105.12
7839,4166,85,1,1437.82
7840,4167,185,1,1150.61
7841,4168,187,1,116.57
7842,4169,139,1,54.33
7843,4169,93,2,262.18
7844,4169,79,1,1540.56
7845,4170,127,1,68.25
7846,4171,187,2,116.57
7847,4171,88,3,182.13
7848,4172,58,1,1325.32
7849,4172,8,2,558.31
7850,4173,40,1,160.03
7851,4174,187,3,116.57
7852,4174,85,2,1548.36
7853,4175,40,1,182.89
7854,4175,107,2,280.14
7855,4176,1,3,1818.9
7856,4176,180,2,1705.09
7857,4177,188,1,759.13
7858,4178,119,1,1856.5
7859,4178,85,1,1442.45
7860,4179,187,3,116.57
7861,4179,99,1,408.14
7862,4179,164,1,266.16
7863,4180,40,1,182.89
7864,4181,1,5,1818.9
7865,4182,56,4,1350.71
7866,4182,110,1,1022.04
7867,4183,40,1,182.89
7868,4183,25,3,101.44
7869,4183,85,2,1375.11
7870,4184,187,3,104.11
7871,4184,88,1,195.78
7872,4185,111,4,1394.33
7873,4185,124,1,1912.09
7874,4185,56,1,1350.71
7875,4186,111,5,1394.33
7876,4186,187,1,116.57
7877,4187,162,2,1652.66
7878,4187,85,2,1548.36
7879,4187,185,1,1150.61
7880,4187,46,1,547.88
7881,4188,180,1,1705.09
7882,4188,187,2,105.02
7883,4189,78,1,1984.9
7884,4189,25,1,101.44
7885,4189,187,3,116.57
7886,4189,40,1,182.89
7887,4190,164,1,263.76
7888,4190,156,1,1496.85
7889,4191,85,3,1548.36
7890,4192,187,1,116.57
7891,4192,75,4,345.09
7892,4193,187,1,116.57
7893,4193,48,1,1050.45
7894,4193,88,1,183.61
7895,4194,1,1,1818.9
7896,4195,187,2,116.57
7897,4196,181,1,105.12
7898,4197,139,4,47.89
7899,4197,187,1,116.57
7900,4197,1,3,1818.9
7901,4197,88,2,181.91
7902,4198,187,4,116.57
7903,4198,191,1,1670.08
7904,4198,88,1,206.14
7905,4198,139,1,49.89
7906,4199,187,3,106.1
7907,4199,85,1,1548.36
7908,4200,152,3,1737.5
7909,4200,143,2,479.86
7910,4200,180,1,1705.09
7911,4200,79,2,1785.41
7912,4201,176,2,798.78
7913,4202,85,1,1439.15
7914,4202,162,4,1652.66
7915,4203,115,1,1359.44
7916,4203,187,2,116.57
7917,4204,187,1,116.57
7918,4205,187,1,116.57
7919,4205,56,1,1233.37
7920,4205,74,3,1873.3
7921,4206,187,1,116.57
7922,4207,85,3,1548.36
7923,4207,110,2,1022.04
7924,4207,62,1,1833.62
7925,4207,187,1,116.57
7926,4208,99,1,347.68
7927,4208,56,1,1350.71
7928,4209,96,3,374.13
7929,4210,85,2,1358.48
7930,4211,25,4,101.44
7931,4211,60,1,1313.29
7932,4212,110,1,1022.04
7933,4213,85,1,1548.36
7934,4213,187,2,116.57
7935,4214,96,2,374.13
7936,4214,176,1,798.78
7937,4215,84,1,644.86
7938,4215,56,2,1232.95
7939,4216,37,1,1917.91
7940,4216,25,2,90.3
7941,4216,32,1,1851.66
7942,4217,141,1,1417.26
7943,4218,88,1,206.14
7944,4218,96,1,374.13
7945,4218,160,1,1093.17
7946,4219,146,2,1737.99
7947,4220,85,3,1548.36
7948,4220,187,2,99.67
7949,4221,188,2,759.13
7950,4222,187,1,116.57
7951,4222,135,1,1867.32
7952,4222,110,2,1022.04
7953,4223,51,1,1655.88
7954,4224,145,2,1219.52
7955,4225,17,1,1521.63
7956,4225,180,3,1705.09
7957,4226,40,1,182.89
7958,4227,163,1,633.77
7959,4227,135,1,1867.32
7960,4228,40,1,182.89
7961,4229,111,1,1394.33
7962,4230,149,2,760.26
7963,4230,85,1,1463.27
7964,4231,180,1,1705.09
7965,4232,85,1,1548.36
7966,4233,1,2,1610.66
7967,4233,187,1,116.57
7968,4234,124,1,1912.09
7969,4234,93,5,262.18
7970,4235,187,2,107.96
7971,4236,152,1,1737.5
7972,4236,45,2,956.98
7973,4237,85,2,1548.36
7974,4238,8,2,558.31
7975,4239,187,4,116.57
7976,4239,56,2,1350.71
7977,4240,180,2,1705.09
7978,4241,111,1,1394.33
7979,4242,180,2,1513.59
7980,4243,83,4,973.24
7981,4244,85,2,1548.36
7982,4245,103,1,938.63
7983,4246,85,1,1548.36
7984,4246,34,1,706.15
7985,4246,187,1,102.39
7986,4247,185,1,1150.61
7987,4248,85,2,1548.36
7988,4249,40,2,182.89
7989,4250,81,2,1783.66
7990,4250,176,2,684.85
7991,4251,187,1,116.57
7992,4252,60,1,1541.69
7993,4252,187,1,116.57
7994,4252,147,2,1213.76
7995,4253,13,1,625.1
7996,4253,83,3,1046.86
7997,4253,187,1,116.57
7998,4253,56,1,1233.87
7999,4254,75,4,345.09
8000,4255,25,1,101.44
8001,4255,187,2,109.27
8002,4256,88,2,206.14
8003,4256,145,1,1089.98
8004,4257,188,1,759.13
8005,4258,166,4,346.92
8006,4259,187,1,110.02
8007,4260,187,2,116.57
8008,4260,56,2,1350.71
8009,4260,85,1,1548.36
8010,4261,36,1,64.17
8011,4262,187,1,109.42
8012,4263,17,1,1521.63
8013,4263,195,1,1567.1
8014,4264,21,3,1176.1
8015,4265,187,3,116.57
8016,4265,40,3,168.59
8017,4265,180,1,1705.09
8018,4266,197,1,1959.53
8019,4267,187,1,116.57
8020,4268,187,2,116.57
8021,4269,85,2,1548.36
8022,4269,187,2,116.57
8023,4269,144,1,1070.45
8024,4270,40,1,182.89
8025,4270,187,1,116.57
8026,4271,187,1,116.57
8027,4271,87,2,759.22
8028,4272,85,1,1548.36
8029,4272,134,1,1199.76
8030,4273,187,1,116.57
8031,4274,112,1,1170.19
8032,4275,34,4,706.15
8033,4276,110,1,1022.04
8034,4276,187,1,116.57
8035,4276,20,1,1261.7
8036,4276,1,1,1818.9
8037,4277,187,1,116.57
8038,4277,181,4,105.12
8039,4277,180,1,1705.09
8040,4278,187,1,116.57
8041,4278,22,1,1306.35
8042,4278,25,4,101.44
8043,4279,180,1,1705.09
8044,4280,187,3,116.57
8045,4280,176,1,798.78
8046,4281,36,4,64.17
8047,4282,85,1,1548.36
8048,4282,54,1,1116.55
8049,4282,40,3,182.89
8050,4283,174,1,1190.06
8051,4284,192,4,121.94
8052,4285,166,1,346.92
8053,4286,152,3,1737.5
8054,4286,33,2,1170.08
8055,4287,127,1,68.25
8056,4288,85,1,1548.36
8057,4288,96,1,374.13
8058,4288,25,1,101.44
8059,4288,131,1,252.64
8060,4289,88,4,206.14
8061,4289,187,3,116.57
8062,4290,85,1,1548.36
8063,4290,180,1,1705.09
8064,4290,187,2,116.57
8065,4291,40,1,182.89
8066,4291,187,1,116.57
8067,4291,110,1,1022.04
8068,4292,65,3,1035.33
8069,4292,85,2,1548.36
8070,4292,111,1,1394.33
8071,4293,187,1,116.57
8072,4293,40,2,182.89
8073,4293,130,1,228.78
8074,4294,147,1,1213.76
8075,4295,40,3,182.89
8076,4296,156,2,1496.85
8077,4297,180,1,1705.09
8078,4298,25,1,101.44
8079,4299,48,1,1050.45
8080,4299,40,4,182.89
8081,4300,200,2,1291.76
8082,4301,14,1,1166.43
8083,4301,111,2,1394.33
8084,4301,85,1,1548.36
8085,4302,187,1,110.56
8086,4303,90,1,538.93
8087,4303,56,2,1350.71
8088,4304,85,3,1408.8
8089,4304,152,1,1737.5
8090,4304,188,2,651.48
8091,4305,139,1,50.87
8092,4306,111,2,1394.33
8093,4306,36,1,58.13
8094,4307,180,1,1705.09
8095,4307,176,1,798.78
8096,4308,187,1,116.57
8097,4309,56,2,1350.71
8098,4309,187,2,110.12
8099,4310,180,1,1705.09
8100,4310,138,3,1573.62
8101,4310,111,3,1250.41
8102,4311,48,1,1050.45
8103,4312,142,1,1508.62
8104,4313,22,2,1306.35
8105,4314,40,2,172.35
8106,4315,85,2,1548.36
8107,4315,2,1,1405.12
8108,4316,180,2,1515.11
8109,4317,187,2,116.57
8110,4318,1,2,1818.9
8111,4319,187,1,116.57
8112,4320,85,5,1548.36
8113,4320,54,1,1116.55
8114,4321,111,1,1394.33
8115,4321,40,2,160.58
8116,4322,187,1,116.57
8117,4323,111,3,1394.33
8118,4324,96,1,326.11
8119,4324,187,1,116.57
8120,4324,85,1,1328.52
8121,4325,190,2,220.41
8122,4325,59,1,1459.18
8123,4326,53,1,296.83
8124,4326,85,1,1548.36
8125,4327,187,1,116.57
8126,4328,187,1,116.57
8127,4328,36,1,64.17
8128,4329,25,1,101.44
8129,4329,1,1,1818.9
8130,4329,42,1,991.09
8131,4330,187,1,116.57
8132,4330,56,3,1350.71
8133,4331,18,4,1444.26
8134,4331,54,2,1116.55
8135,4332,171,1,121.98
8136,4333,138,2,1573.62
8137,4333,180,2,1705.09
8138,4334,85,1,1369.46
8139,4335,179,3,1752.38
8140,4335,187,1,116.57
8141,4336,187,1,116.57
8142,4336,197,2,1959.53
8143,4336,176,5,798.78
8144,4337,187,1,116.57
8145,4337,124,2,1912.09
8146,4338,136,2,1612.44
8147,4338,85,4,1548.36
8148,4339,165,3,1843.44
8149,4339,187,1,116.57
8150,4339,185,1,1150.61
8151,4340,187,1,104.89
8152,4341,187,1,110.45
8153,4342,85,1,1548.36
8154,4342,187,1,116.57
8155,4343,66,1,753.8
8156,4344,56,2,1350.71
8157,4344,85,2,1548.36
8158,4345,85,2,1548.36
8159,4345,152,1,1737.5
8160,4345,36,1,64.17
8161,4346,145,2,1219.52
8162,4347,56,1,1350.71
8163,4347,1,2,1650.93
8164,4347,85,1,1548.36
8165,4348,88,1,206.14
8166,4349,187,2,116.57
8167,4349,2,2,1405.12
8168,4350,187,1,116.57
8169,4350,147,1,1213.76
8170,4350,25,2,89.43
8171,4350,108,1,1254.95
8172,4351,194,1,215.34
8173,4351,187,3,116.57
8174,4351,175,2,1367.5
8175,4352,141,1,1662.1
8176,4353,187,1,116.57
8177,4354,180,2,1705.09
8178,4354,197,3,1959.53
8179,4354,56,1,1350.71
8180,4354,187,4,116.57
8181,4355,56,4,1350.71
8182,4355,25,1,101.44
8183,4355,100,3,633.75
8184,4356,180,1,1507.92
8185,4356,187,2,109.88
8186,4357,180,1,1705.09
8187,4358,85,2,1548.36
8188,4358,110,1,963.64
8189,4359,56,4,1350.71
8190,4359,96,2,374.13
8191,4359,187,1,116.57
8192,4360,185,1,1150.61
8193,4360,119,3,1856.5
8194,4361,17,1,1521.63
8195,4361,56,1,1350.71
8196,4362,75,1,313.59
8197,4363,56,1,1350.71
8198,4364,132,1,849.27
8199,4364,175,2,1367.5
8200,4364,187,1,116.57
8201,4365,40,1,182.89
8202,4365,111,1,1394.33
8203,4366,85,1,1548.36
8204,4366,180,2,1705.09
8205,4367,15,1,369.19
8206,4368,85,2,1548.36
8207,4368,137,1,944.88
8208,4368,197,1,1959.53
8209,4368,187,3,116.57
8210,4369,52,1,1794.29
8211,4370,187,2,116.57
8212,4370,110,2,1022.04
8213,4370,111,1,1394.33
8214,4370,134,1,1199.76
8215,4371,119,5,1856.5
8216,4372,187,5,116.57
8217,4373,56,2,1350.71
8218,4374,176,1,798.78
8219,4374,180,3,1514.85
8220,4375,56,1,1350.71
8221,4376,187,2,116.57
8222,4376,81,4,1783.66
8223,4377,96,2,374.13
8224,4378,85,1,1421.87
8225,4379,171,3,111.62
8226,4379,35,2,1189.6
8227,4379,36,1,64.17
8228,4380,145,4,1219.52
8229,4381,85,3,1548.36
8230,4382,187,2,109.41
8231,4382,85,3,1548.36
8232,4382,88,1,206.14
8233,4383,187,1,116.57
8234,4383,176,3,798.78
8235,4384,85,1,1548.36
8236,4384,96,2,374.13
8237,4385,56,1,1228.3
8238,4385,187,2,116.57
8239,4385,176,2,798.78
8240,4386,187,1,107.41
8241,4387,103,2,925.61
8242,4387,187,1,108.63
8243,4388,187,3,100.24
8244,4389,76,2,107.97
8245,4390,85,2,1548.36
8246,4390,81,3,1783.66
8247,4390,200,1,1291.76
8248,4391,40,1,163.47
8249,4392,111,1,1394.33
8250,4392,187,4,116.57
8251,4393,88,3,186.28
8252,4393,1,2,1818.9
8253,4393,56,2,1350.71
8254,4394,187,4,100.61
8255,4395,111,1,1394.33
8256,4395,36,2,64.17
8257,4396,192,1,121.94
8258,4397,85,2,1548.36
8259,4397,56,2,1350.71
8260,4398,187,2,100.12
8261,4399,40,4,182.89
8262,4399,187,1,116.57
8263,4400,25,1,101.44
8264,4401,56,1,1350.71
8265,4401,127,1,64.26
8266,4402,174,1,1190.06
8267,4402,85,1,1548.36
8268,4403,5,1,1561.71
8269,4404,106,1,473.95
8270,4404,138,1,1478.93
8271,4404,61,1,232.43
8272,4405,27,1,672.46
8273,4405,133,2,1933.11
8274,4406,136,2,1612.44
8275,4406,197,1,1721.38
8276,4406,71,1,529.74
8277,4407,189,1,1056.55
8278,4407,180,1,1705.09
8279,4408,96,1,374.13
8280,4409,185,2,1150.61
8281,4410,40,1,182.89
8282,4410,25,3,101.44
8283,4410,187,2,116.57
8284,4411,187,1,116.57
8285,4412,127,1,68.25
8286,4412,187,2,116.57
8287,4413,187,4,116.57
8288,4413,96,2,374.13
8289,4413,111,1,1394.33
8290,4414,85,1,1548.36
8291,4414,187,1,116.57
8292,4415,17,1,1521.63
8293,4415,111,2,1394.33
8294,4415,85,1,1548.36
8295,4415,48,3,982.16
8296,4416,103,2,1010.97
8297,4416,81,3,1783.66
8298,4417,187,1,116.57
8299,4417,134,1,1119.3
8300,4418,25,1,96.19
8301,4418,40,2,182.89
8302,4419,185,1,1150.61
8303,4419,95,1,322.66
8304,4419,56,2,1350.71
8305,4419,187,3,116.57
8306,4420,187,1,116.57
8307,4421,187,2,116.57
8308,4421,24,1,842.71
8309,4421,133,1,1933.11
8310,4422,187,3,116.57
8311,4423,62,1,1833.62
8312,4423,162,1,1652.66
8313,4423,40,4,182.89
8314,4423,193,2,1640.42
8315,4424,162,1,1652.66
8316,4425,3,4,545.69
8317,4425,197,1,1959.53
8318,4425,35,2,1127.03
8319,4426,85,1,1548.36
8320,4427,127,2,63.56
8321,4427,187,1,116.57
8322,4428,56,1,1350.71
8323,4429,56,2,1227.52
8324,4430,139,1,54.33
8325,4430,179,2,1752.38
8326,4431,22,4,1306.35
8327,4432,187,1,116.57
8328,4432,111,1,1277.57
8329,4433,48,1,1050.45
8330,4433,187,1,116.57
8331,4434,187,1,116.57
8332,4435,200,1,1291.76
8333,4436,187,1,116.57
8334,4436,48,1,1050.45
8335,4437,111,1,1394.33
8336,4437,40,1,182.89
8337,4438,23,2,186.28
8338,4439,129,2,1193.45
8339,4439,171,1,128.74
8340,4440,85,2,1548.36
8341,4440,1,1,1818.9
8342,4441,70,2,1906.69
8343,4441,165,1,1607.8
8344,4441,109,2,260.35
8345,4442,180,1,1705.09
8346,4442,176,3,798.78
8347,4443,1,3,1818.9
8348,4443,96,3,374.13
8349,4443,187,1,116.57
8350,4443,85,5,1548.36
8351,4444,187,3,101.64
8352,4445,56,1,1350.71
8353,4445,126,2,1851.05
8354,4445,187,1,116.57
8355,4445,96,4,344.47
8356,4446,62,1,1717.61
8357,4447,85,2,1548.36
8358,4448,111,4,1313.15
8359,4448,127,1,59.99
8360,4449,111,1,1394.33
8361,4450,163,1,633.77
8362,4451,187,1,116.57
8363,4451,72,3,1039.33
8364,4452,197,2,1959.53
8365,4452,187,1,116.57
8366,4453,179,1,1752.38
8367,4453,2,1,1405.12
8368,4453,187,2,116.57
8369,4453,1,2,1818.9
8370,4454,137,1,944.88
8371,4455,85,2,1548.36
8372,4455,192,1,121.94
8373,4456,176,1,798.78
8374,4456,111,1,1394.33
8375,4456,132,1,849.27
8376,4457,22,1,1216.9
8377,4457,17,1,1521.63
8378,4457,187,1,106.35
8379,4458,156,1,1298.2
8380,4458,75,1,301.58
8381,4458,54,2,979.95
8382,4459,88,2,182.58
8383,4459,85,2,1548.36
8384,4460,40,1,182.89
8385,4461,68,1,1620.15
8386,4462,83,1,1046.86
8387,4462,187,1,116.57
8388,4463,50,5,61.81
8389,4463,181,1,92.64
8390,4463,187,1,116.57
8391,4463,185,3,1053.82
8392,4464,187,1,116.57
8393,4464,88,5,185.61
8394,4464,111,3,1394.33
8395,4464,105,2,42.05
8396,4465,88,1,206.14
8397,4465,152,1,1737.5
8398,4466,40,1,182.89
8399,4466,107,4,280.14
8400,4467,187,1,102.46
8401,4468,148,2,781.51
8402,4469,10,1,1807.06
8403,4470,138,4,1573.62
8404,4470,187,3,116.57
8405,4470,56,1,1350.71
8406,4471,187,2,107.23
8407,4472,187,1,116.57
8408,4472,85,3,1548.36
8409,4473,180,1,1705.09
8410,4474,180,2,1705.09
8411,4474,138,1,1573.62
8412,4475,85,1,1548.36
8413,4475,101,1,1559.04
8414,4476,85,1,1548.36
8415,4476,145,1,1219.52
8416,4476,187,1,116.57
8417,4477,187,1,108.03
8418,4477,50,1,61.81
8419,4478,3,3,516.63
8420,4478,187,1,107.82
8421,4478,180,2,1705.09
8422,4479,25,4,90.8
8423,4479,56,3,1350.71
8424,4480,62,3,1559.73
8425,4481,10,2,1807.06
8426,4481,187,1,105.57
8427,4482,25,1,93.4
8428,4483,85,1,1548.36
8429,4483,82,5,1788.92
8430,4484,187,1,109.13
8431,4484,151,2,1310.48
8432,4484,56,1,1350.71
8433,4485,187,3,116.57
8434,4485,88,3,178.29
8435,4485,18,2,1444.26
8436,4486,187,1,100.75
8437,4487,187,1,116.57
8438,4488,62,1,1833.62
8439,4488,187,2,116.57
8440,4488,165,1,1843.44
8441,4488,14,2,1166.43
8442,4489,147,1,1213.76
8443,4489,25,3,90.87
8444,4490,97,2,1206.38
8445,4491,187,1,116.57
8446,4492,8,1,558.31
8447,4492,56,1,1350.71
8448,4493,40,5,156.37
8449,4494,152,4,1737.5
8450,4495,75,3,345.09
8451,4495,110,2,1022.04
8452,4496,123,3,1174.05
8453,4496,56,3,1350.71
8454,4496,187,5,116.57
8455,4497,185,3,1150.61
8456,4498,40,1,171.28
8457,4498,187,3,116.57
8458,4498,1,1,1611.79
8459,4498,135,1,1867.32
8460,4499,40,2,182.89
8461,4499,27,2,672.46
8462,4499,155,1,437.32
8463,4499,56,1,1350.71
8464,4500,187,1,116.57
8465,4500,85,1,1417.48
8466,4501,181,1,105.12
8467,4501,109,2,260.35
8468,4501,187,1,116.57
8469,4502,187,2,104.7
8470,4503,123,1,1332.13
8471,4504,176,4,798.78
8472,4504,40,1,182.89
8473,4504,187,1,116.57
8474,4504,85,2,1548.36
8475,4505,88,1,206.14
8476,4505,85,1,1548.36
8477,4506,191,1,1670.08
8478,4507,187,1,100.26
8479,4508,134,1,1199.76
8480,4509,110,1,1022.04
8481,4510,1,2,1818.9
8482,4510,48,1,950.94
8483,4511,110,1,1022.04
8484,4511,187,2,110.36
8485,4512,172,2,364.96
8486,4513,123,1,1332.13
8487,4513,138,2,1573.62
8488,4514,40,2,182.89
8489,4514,180,1,1705.09
8490,4514,151,2,1228.3
8491,4514,50,3,61.81
8492,4515,85,3,1548.36
8493,4515,161,1,308.57
8494,4515,180,5,1574.46
8495,4516,113,1,414.76
8496,4517,36,2,56.72
8497,4517,187,1,109.73
8498,4517,85,1,1548.36
8499,4517,1,1,1818.9
8500,4518,152,1,1737.5
8501,4518,85,1,1548.36
8502,4518,176,2,798.78
8503,4519,85,4,1548.36
8504,4519,56,3,1350.71
8505,4519,12,1,370.02
8506,4520,187,3,116.57
8507,4520,113,1,414.76
8508,4521,187,1,116.57
8509,4522,156,1,1496.85
8510,4522,197,1,1959.53
8511,4522,127,1,61.92
8512,4522,48,1,912.44
8513,4523,40,3,182.89
8514,4523,110,2,937.51
8515,4524,56,3,1181.9
8516,4525,85,4,1548.36
8517,4526,180,3,1539.26
8518,4526,151,1,1310.48
8519,4526,176,1,798.78
8520,4526,187,1,109.3
8521,4527,85,3,1548.36
8522,4527,127,1,68.25
8523,4528,164,1,304.01
8524,4529,142,3,1364.79
8525,4529,85,3,1352.15
8526,4529,187,1,116.57
8527,4530,123,1,1332.13
8528,4531,1,2,1818.9
8529,4531,187,1,99.24
8530,4532,56,1,1350.71
8531,4533,47,1,675.84
8532,4534,110,2,1022.04
8533,4534,187,1,116.57
8534,4534,36,4,64.17
8535,4535,40,4,157.63
8536,4536,123,3,1332.13
8537,4536,187,3,116.57
8538,4536,180,2,1705.09
8539,4537,119,3,1638.93
8540,4537,25,2,89.44
8541,4537,88,4,206.14
8542,4538,4,1,1744.14
8543,4539,156,1,1496.85
8544,4540,162,2,1652.66
8545,4540,71,1,565.21
8546,4540,81,2,1783.66
8547,4540,187,2,116.57
8548,4541,187,1,116.57
8549,4541,109,1,260.35
8550,4542,123,2,1332.13
8551,4542,85,1,1548.36
8552,4542,181,1,105.12
8553,4543,139,3,54.33
8554,4543,22,4,1225.91
8555,4543,85,1,1548.36
8556,4544,23,2,186.28
8557,4545,85,2,1350.83
8558,4545,34,2,706.15
8559,4545,168,1,323.31
8560,4546,187,2,116.57
8561,4546,110,1,1022.04
8562,4546,106,1,473.95
8563,4546,88,4,188.9
8564,4547,36,1,64.17
8565,4548,187,1,110.32
8566,4548,84,4,644.86
8567,4549,176,3,798.78
8568,4549,62,1,1833.62
8569,4549,179,2,1752.38
8570,4550,179,1,1752.38
8571,4551,187,2,116.57
8572,4551,197,1,1959.53
8573,4552,25,2,101.44
8574,4552,187,1,116.57
8575,4553,165,2,1843.44
8576,4553,187,2,105.05
8577,4554,101,1,1355.71
8578,4554,19,1,874.98
8579,4555,187,1,116.57
8580,4555,184,1,513.04
8581,4555,84,4,644.86
8582,4556,188,2,714.26
8583,4556,126,2,1753.36
8584,4556,187,1,116.57
8585,4556,84,1,644.86
8586,4557,108,1,1261.52
8587,4558,192,3,121.94
8588,4559,109,4,260.35
8589,4559,74,1,1632.99
8590,4560,183,3,487.99
8591,4561,96,3,328.93
8592,4562,187,1,116.57
8593,4562,180,2,1705.09
8594,4562,88,1,206.14
8595,4563,138,5,1573.62
8596,4564,60,1,1389.28
8597,4564,138,4,1413.71
8598,4565,111,2,1313.89
8599,4565,62,5,1671.69
8600,4565,98,3,1628.74
8601,4566,180,1,1491.17
8602,4567,152,1,1737.5
8603,4567,111,1,1394.33
8604,4567,40,1,182.89
8605,4568,85,1,1548.36
8606,4568,88,4,206.14
8607,4569,40,1,182.89
8608,4569,25,3,101.44
8609,4569,139,1,54.33
8610,4569,163,4,633.77
8611,4570,187,3,102.45
8612,4571,48,2,1050.45
8613,4571,85,3,1548.36
8614,4572,185,1,1150.61
8615,4572,1,4,1818.9
8616,4573,134,1,1199.76
8617,4574,14,1,1166.43
8618,4575,187,1,116.57
8619,4575,85,2,1548.36
8620,4575,172,1,364.96
8621,4576,187,2,116.57
8622,4576,40,1,182.89
8623,4576,1,3,1818.9
8624,4576,122,2,986.88
8625,4577,85,1,1443.46
8626,4578,187,2,116.57
8627,4579,40,4,182.89
8628,4579,85,1,1320.4
8629,4580,40,2,182.89
8630,4580,25,2,101.44
8631,4581,88,3,206.14
8632,4582,200,2,1291.76
8633,4583,85,1,1548.36
8634,4584,48,1,1050.45
8635,4584,86,2,1329.75
8636,4585,197,1,1959.53
8637,4585,187,4,116.57
8638,4585,85,1,1548.36
8639,4586,187,1,116.57
8640,4586,137,1,944.88
8641,4586,123,1,1158.03
8642,4586,74,1,1757.01
8643,4587,85,2,1548.36
8644,4587,123,1,1332.13
8645,4588,187,2,110.01
8646,4588,197,1,1846.43
8647,4589,165,1,1843.44
8648,4589,88,1,206.14
8649,4589,40,2,182.89
8650,4589,25,1,101.44
8651,4590,187,1,107.25
8652,4591,187,2,100.29
8653,4592,185,1,1047.59
8654,4592,171,1,128.74
8655,4592,40,1,182.89
8656,4593,96,1,326.02
8657,4594,38,2,974.44
8658,4594,187,3,110.53
8659,4595,36,1,64.17
8660,4595,56,1,1222.56
8661,4596,27,1,637.86
8662,4596,187,1,116.57
8663,4597,187,1,116.57
8664,4597,119,1,1856.5
8665,4597,185,1,1150.61
8666,4598,1,4,1818.9
8667,4599,187,1,116.57
8668,4600,180,1,1705.09
8669,4600,187,1,116.57
8670,4601,94,1,1665.43
8671,4601,133,1,1933.11
8672,4602,81,1,1783.66
8673,4603,139,2,54.33
8674,4603,187,1,116.57
8675,4603,138,3,1573.62
8676,4603,180,3,1520.91
8677,4604,40,1,182.89
8678,4604,187,2,101.59
8679,4605,187,2,116.57
8680,4606,71,1,595.31
8681,4606,85,2,1548.36
8682,4606,37,1,1917.91
8683,4607,123,1,1332.13
8684,4607,187,2,109.21
8685,4607,111,1,1394.33
8686,4608,85,1,1548.36
8687,4609,73,1,526.07
8688,4609,62,1,1602.73
8689,4610,187,2,101.01
8690,4611,40,1,182.89
8691,4612,25,2,93.16
8692,4613,190,1,220.41
8693,4614,133,1,1733.39
8694,4614,187,1,106.88
8695,4614,181,4,105.12
8696,4615,41,2,983.07
8697,4615,40,3,182.89
8698,4616,187,1,116.57
8699,4616,180,1,1705.09
8700,4617,140,2,235.21
8701,4617,164,1,304.01
8702,4617,1,1,1608.7
8703,4617,40,1,182.89
8704,4618,152,2,1620.85
8705,4618,109,1,225.25
8706,4619,187,1,116.57
8707,4619,37,2,1917.91
8708,4619,1,1,1575.52
8709,4620,22,1,1119.06
8710,4620,48,1,1050.45
8711,4621,82,2,1569.39
8712,4621,25,1,101.44
8713,4622,187,2,107.85
8714,4622,56,1,1350.71
8715,4623,1,1,1818.9
8716,4624,85,1,1333.67
8717,4624,187,2,116.57
8718,4624,133,2,1933.11
8719,4625,40,4,182.89
8720,4625,161,1,308.57
8721,4625,187,1,116.57
8722,4625,180,4,1705.09
8723,4626,138,1,1573.62
8724,4627,187,2,116.57
8725,4628,176,2,798.78
8726,4629,25,5,101.44
8727,4629,193,3,1851.11
8728,4629,111,2,1394.33
8729,4630,36,4,64.17
8730,4631,133,2,1933.11
8731,4631,40,1,182.89
8732,4631,36,1,57.09
8733,4631,187,1,116.57
8734,4632,48,2,1050.45
8735,4632,1,1,1818.9
8736,4633,122,3,986.88
8737,4633,187,1,116.57
8738,4634,85,3,1548.36
8739,4635,25,1,88.69
8740,4636,25,1,88.35
8741,4636,138,1,1573.62
8742,4636,81,2,1783.66
8743,4637,22,4,1306.35
8744,4637,88,2,206.14
8745,4638,56,3,1350.71
8746,4638,97,4,1206.38
8747,4638,188,1,759.13
8748,4639,114,1,1611.97
8749,4640,77,4,880.93
8750,4641,187,2,116.57
8751,4642,138,1,1573.62
8752,4643,187,1,116.57
8753,4643,58,1,1325.32
8754,4643,152,1,1737.5
8755,4644,187,1,104.93
8756,4645,178,1,1018.47
8757,4646,187,2,116.57
8758,4647,187,1,116.57
8759,4647,111,1,1394.33
8760,4648,192,4,121.94
8761,4649,187,2,109.35
8762,4649,40,1,157.88
8763,4649,1,1,1818.9
8764,4650,169,1,247.79
8765,4650,191,1,1670.08
8766,4650,60,1,1541.69
8767,4651,111,1,1197.39
8768,4651,22,4,1306.35
8769,4652,58,1,1325.32
8770,4653,54,1,1116.55
8771,4654,79,1,1637.95
8772,4655,187,1,116.57
8773,4656,53,1,296.83
8774,4656,6,1,1439.16
8775,4657,85,2,1548.36
8776,4657,100,1,633.75
8777,4657,40,3,182.89
8778,4658,187,1,116.57
8779,4658,161,1,267.58
8780,4659,187,1,116.57
8781,4660,49,3,888.48
8782,4661,45,1,956.98
8783,4661,88,2,206.14
8784,4661,181,5,105.12
8785,4661,123,2,1332.13
8786,4662,187,1,116.57
8787,4663,137,3,944.88
8788,4663,187,1,116.57
8789,4664,85,1,1416.57
8790,4664,24,2,842.71
8791,4665,62,2,1833.62
8792,4665,25,1,101.44
8793,4665,197,2,1959.53
8794,4666,101,2,1559.04
8795,4667,187,4,107.36
8796,4667,61,1,232.43
8797,4667,139,1,47.15
8798,4667,85,2,1548.36
8799,4668,57,1,576.12
8800,4668,111,5,1257.08
8801,4669,187,1,102.06
8802,4669,56,1,1350.71
8803,4669,85,1,1548.36
8804,4670,85,1,1548.36
8805,4671,187,1,108.13
8806,4671,88,1,206.14
8807,4671,40,1,170.6
8808,4672,85,2,1548.36
8809,4673,96,2,374.13
8810,4673,25,2,101.44
8811,4673,85,2,1548.36
8812,4674,7,3,817.93
8813,4674,57,1,576.12
8814,4675,1,1,1818.9
8815,4675,39,1,1384.08
8816,4676,187,2,101.24
8817,4676,40,1,182.89
8818,4677,40,2,182.89
8819,4678,187,3,116.57
8820,4679,181,1,105.12
8821,4680,197,4,1718.45
8822,4681,27,1,672.46
8823,4681,179,1,1752.38
8824,4682,85,2,1548.36
8825,4683,18,3,1323.29
8826,4684,185,1,1150.61
8827,4685,85,1,1548.36
8828,4685,197,3,1706.51
8829,4686,139,2,54.33
8830,4687,88,4,206.14
8831,4687,2,4,1405.12
8832,4687,85,1,1548.36
8833,4688,18,3,1444.26
8834,4688,127,1,68.25
8835,4689,185,1,1150.61
8836,4690,187,1,110.12
8837,4691,56,1,1350.71
8838,4691,85,2,1548.36
8839,4692,85,1,1465.93
8840,4693,110,2,1022.04
8841,4693,56,1,1350.71
8842,4694,56,3,1174.19
8843,4694,187,4,116.57
8844,4695,187,1,116.57
8845,4696,85,1,1548.36
8846,4696,187,1,116.57
8847,4697,25,1,101.44
8848,4697,187,1,116.57
8849,4697,85,1,1548.36
8850,4698,49,2,888.48
8851,4698,134,1,1199.76
8852,4698,139,1,54.33
8853,4699,22,2,1306.35
8854,4700,56,3,1350.71
8855,4700,48,1,1050.45
8856,4701,187,2,116.57
8857,4702,138,1,1450.86
8858,4703,187,3,116.57
8859,4704,110,3,1022.04
8860,4705,85,1,1548.36
8861,4706,147,1,1213.76
8862,4706,187,1,116.57
8863,4707,40,1,182.89
8864,4707,76,1,98.57
8865,4708,56,1,1350.71
8866,4709,36,1,64.17
8867,4709,40,2,182.89
8868,4709,123,1,1332.13
8869,4710,85,2,1548.36
8870,4710,187,5,116.57
8871,4711,187,1,116.57
8872,4712,187,5,116.57
8873,4713,176,1,798.78
8874,4714,157,2,1636.62
8875,4714,18,1,1350.52
8876,4715,187,3,116.57
8877,4715,185,1,1078.04
8878,4715,180,1,1705.09
8879,4716,187,1,116.57
8880,4716,37,1,1917.91
8881,4717,187,1,116.57
8882,4717,141,1,1662.1
8883,4718,56,4,1162.59
8884,4719,143,2,479.86
8885,4720,165,1,1843.44
8886,4721,85,2,1548.36
8887,4722,85,1,1354.39
8888,4722,36,1,64.17
8889,4723,71,1,595.31
8890,4723,169,1,247.79
8891,4723,23,1,186.28
8892,4723,85,1,1372.25
8893,4724,40,1,182.89
8894,4725,180,2,1705.09
8895,4726,180,3,1705.09
8896,4727,85,4,1548.36
8897,4727,54,4,1116.55
8898,4728,133,2,1933.11
8899,4728,46,1,471.23
8900,4728,88,1,175.61
8901,4729,187,3,116.57
8902,4730,180,2,1705.09
8903,4730,187,1,116.57
8904,4731,45,3,956.98
8905,4732,40,3,182.89
8906,4733,163,1,633.77
8907,4733,110,1,890.39
8908,4733,111,2,1394.33
8909,4734,102,1,1944.19
8910,4735,187,1,116.57
8911,4735,40,3,170.59
8912,4735,34,2,706.15
8913,4736,111,1,1394.33
8914,4736,187,1,102.39
8915,4736,22,1,1306.35
8916,4737,54,2,1116.55
8917,4738,138,1,1573.62
8918,4738,25,1,101.44
8919,4738,187,2,116.57
8920,4739,132,2,849.27
8921,4740,85,1,1548.36
8922,4741,181,1,105.12
8923,4742,187,1,116.57
8924,4743,93,2,227.41
8925,4743,106,2,447.93
8926,4744,187,1,104.87
8927,4745,187,1,116.57
8928,4745,127,3,68.25
8929,4745,176,1,739.55
8930,4746,17,1,1521.63
8931,4746,186,4,843.62
8932,4747,85,1,1403.48
8933,4748,85,1,1367.59
8934,4748,187,2,116.57
8935,4748,56,1,1350.71
8936,4749,156,2,1496.85
8937,4749,40,1,182.89
8938,4749,25,1,89.49
8939,4750,187,1,116.57
8940,4750,185,1,1150.61
8941,4750,25,1,101.44
8942,4751,111,1,1394.33
8943,4752,132,2,790.73
8944,4753,85,1,1426.68
8945,4753,88,1,206.14
8946,4754,187,1,116.57
8947,4755,187,1,116.57
8948,4756,187,4,116.57
8949,4756,180,2,1705.09
8950,4756,85,1,1548.36
8951,4757,27,1,672.46
8952,4757,25,1,101.44
8953,4757,176,4,701.49
8954,4757,85,3,1548.36
8955,4758,187,1,116.57
8956,4759,110,5,1022.04
8957,4760,56,3,1350.71
8958,4760,187,1,116.57
8959,4761,28,1,284.09
8960,4762,52,3,1553.53
8961,4762,101,1,1559.04
8962,4762,156,1,1496.85
8963,4763,187,2,116.57
8964,4763,85,1,1548.36
8965,4764,85,1,1548.36
8966,4765,187,2,116.57
8967,4766,40,1,182.89
8968,4766,96,1,374.13
8969,4766,187,3,102.04
8970,4767,85,1,1548.36
8971,4767,1,1,1818.9
8972,4767,155,4,487.83
8973,4768,62,4,1627.17
8974,4768,7,1,909.19
8975,4769,187,1,116.57
8976,4769,56,3,1350.71
8977,4769,88,2,206.14
8978,4770,56,4,1350.71
8979,4770,3,2,545.69
8980,4771,34,1,706.15
8981,4772,95,1,322.66
8982,4772,193,2,1851.11
8983,4772,85,1,1548.36
8984,4773,40,1,182.89
8985,4773,187,1,116.57
8986,4773,85,1,1548.36
8987,4774,187,1,116.57
8988,4774,40,3,182.89
8989,4775,40,1,182.89
8990,4775,22,5,1306.35
8991,4776,184,1,513.04
8992,4776,25,2,101.44
8993,4777,143,1,479.86
8994,4778,56,1,1350.71
8995,4779,56,1,1350.71
8996,4779,158,1,215.74
8997,4779,187,3,116.57
8998,4780,58,1,1325.32
8999,4781,180,1,1705.09
9000,4781,56,2,1350.71
9001,4781,156,1,1496.85
9002,4782,165,1,1728.71
9003,4783,187,3,116.57
9004,4783,56,1,1350.71
9005,4783,197,4,1959.53
9006,4783,141,1,1662.1
9007,4784,136,2,1612.44
9008,4785,156,1,1416.68
9009,4785,110,1,1022.04
9010,4786,37,2,1816.73
9011,4787,40,1,182.89
9012,4788,181,1,105.12
9013,4789,111,1,1394.33
9014,4790,85,1,1548.36
9015,4791,88,2,206.14
9016,4792,21,1,1176.1
9017,4793,111,5,1394.33
9018,4793,60,1,1541.69
9019,4793,141,4,1662.1
9020,4794,111,2,1394.33
9021,4794,187,1,116.57
9022,4795,187,3,100.48
9023,4796,187,1,116.57
9024,4796,85,1,1548.36
9025,4797,187,1,116.57
9026,4797,1,2,1818.9
9027,4797,83,1,963.62
9028,4797,181,2,105.12
9029,4798,123,1,1332.13
9030,4799,187,2,116.57
9031,4799,87,2,759.22
9032,4800,56,1,1350.71
9033,4800,176,3,722.72
9034,4800,173,2,124.75
9035,4801,27,1,672.46
9036,4801,85,1,1548.36
9037,4801,187,1,109.34
9038,4802,54,2,1116.55
9039,4803,75,1,345.09
9040,4804,36,2,58.91
9041,4805,138,2,1573.62
9042,4805,22,1,1168.79
9043,4805,75,3,345.09
9044,4806,139,2,54.33
9045,4807,1,1,1818.9
9046,4808,161,1,282.44
9047,4808,187,2,116.57
9048,4809,85,2,1548.36
9049,4809,69,1,610.13
9050,4809,180,1,1705.09
9051,4810,191,2,1670.08
9052,4810,56,1,1350.71
9053,4811,58,1,1206.89
9054,4812,127,1,60.34
9055,4812,85,1,1427.17
9056,4813,110,1,1022.04
9057,4813,88,2,206.14
9058,4813,56,2,1350.71
9059,4814,85,1,1548.36
9060,4815,85,1,1548.36
9061,4816,145,1,1219.52
9062,4816,17,2,1521.63
9063,4817,40,1,173.71
9064,4818,40,4,182.89
9065,4818,192,1,121.94
9066,4819,25,2,101.44
9067,4820,187,1,116.57
9068,4821,56,2,1350.71
9069,4821,40,1,182.89
9070,4821,64,1,93.11
9071,4822,25,1,101.44
9072,4823,87,1,759.22
9073,4824,187,2,101.25
9074,4824,85,1,1548.36
9075,4824,110,1,1022.04
9076,4824,133,1,1820.31
9077,4825,56,2,1166.97
9078,4826,85,1,1548.36
9079,4827,187,1,116.57
9080,4828,187,1,105.68
9081,4828,163,1,633.77
9082,4829,180,1,1705.09
9083,4829,56,1,1192.41
9084,4830,56,1,1350.71
9085,4830,123,1,1184.7
9086,4831,85,2,1548.36
9087,4831,176,1,798.78
9088,4831,187,1,116.57
9089,4831,1,2,1818.9
9090,4832,40,1,170.86
9091,4832,187,1,116.57
9092,4832,193,1,1851.11
9093,4833,56,1,1219.98
9094,4834,187,1,116.57
9095,4834,113,1,414.76
9096,4834,141,1,1510.7
9097,4834,133,1,1933.11
9098,4835,46,2,502.27
9099,4835,187,2,116.57
9100,4836,85,1,1548.36
9101,4836,187,2,116.57
9102,4837,181,1,105.12
9103,4838,184,2,513.04
9104,4838,102,1,1944.19
9105,4839,176,2,798.78
9106,4839,139,2,50.74
9107,4839,48,1,1050.45
9108,4839,56,1,1350.71
9109,4840,17,1,1521.63
9110,4840,187,1,116.57
9111,4840,117,1,278.63
9112,4841,152,4,1737.5
9113,4841,111,1,1394.33
9114,4842,17,2,1521.63
9115,4842,200,1,1291.76
9116,4842,65,3,1118.16
9117,4843,187,1,116.57
9118,4844,185,2,1150.61
9119,4845,187,1,116.57
9120,4846,34,1,706.15
9121,4846,156,4,1395.15
9122,4847,56,1,1350.71
9123,4847,180,2,1705.09
9124,4847,40,1,182.89
9125,4848,110,1,1022.04
9126,4849,187,1,99.42
9127,4849,123,2,1332.13
9128,4850,22,1,1208.61
9129,4850,34,1,706.15
9130,4851,81,3,1636.47
9131,4851,85,1,1465.82
9132,4852,176,1,798.78
9133,4852,111,1,1394.33
9134,4852,180,4,1590.16
9135,4853,85,1,1548.36
9136,4853,40,3,156.31
9137,4853,111,1,1394.33
9138,4853,187,1,116.57
9139,4854,187,3,105.42
9140,4855,83,1,1046.86
9141,4855,123,1,1332.13
9142,4856,187,1,116.57
9143,4857,85,1,1367.78
9144,4857,68,1,1387.71
9145,4858,60,1,1541.69
9146,4858,108,1,1361.44
9147,4859,85,2,1548.36
9148,4860,176,4,798.78
9149,4861,187,2,116.57
9150,4862,30,1,1183.12
9151,4863,174,1,1190.06
9152,4863,187,4,116.57
9153,4863,15,1,369.19
9154,4864,163,1,633.77
9155,4864,174,1,1190.06
9156,4864,40,2,182.89
9157,4865,187,2,116.57
9158,4865,18,2,1346.15
9159,4865,50,1,61.81
9160,4866,110,3,917.39
9161,4866,111,1,1282.68
9162,4867,138,2,1573.62
9163,4867,187,1,103.1
9164,4868,200,2,1215.96
9165,4869,185,1,1150.61
9166,4869,197,2,1959.53
9167,4870,180,4,1486.19
9168,4870,187,1,116.57
9169,4871,85,3,1548.36
9170,4871,163,1,633.77
9171,4872,46,1,547.88
9172,4873,85,4,1548.36
9173,4873,136,3,1612.44
9174,4873,187,1,116.57
9175,4874,200,4,1291.76
9176,4874,187,1,116.57
9177,4875,180,1,1705.09
9178,4875,164,1,304.01
9179,4875,62,2,1833.62
9180,4876,67,1,1516.59
9181,4876,192,2,108.0
9182,4877,104,1,304.06
9183,4877,40,1,182.89
9184,4878,56,4,1350.71
9185,4878,40,1,182.89
9186,4879,183,3,487.99
9187,4880,1,1,1818.9
9188,4880,143,2,479.86
9189,4880,40,1,182.89
9190,4881,187,3,116.57
9191,4881,85,3,1548.36
9192,4882,48,3,1050.45
9193,4882,187,1,116.57
9194,4882,123,3,1332.13
9195,4883,180,1,1705.09
9196,4883,37,3,1917.91
9197,4884,2,1,1405.12
9198,4885,161,1,272.0
9199,4886,85,2,1548.36
9200,4887,180,1,1705.09
9201,4887,105,2,46.61
9202,4888,180,2,1705.09
9203,4888,60,1,1541.69
9204,4889,85,3,1548.36
9205,4889,81,1,1783.66
9206,4890,85,1,1548.36
9207,4891,57,1,524.84
9208,4892,88,2,206.14
9209,4892,187,1,116.57
9210,4893,179,2,1752.38
9211,4894,180,2,1705.09
9212,4895,192,1,121.94
9213,4896,97,2,1206.38
9214,4896,157,2,1636.62
9215,4896,25,3,101.44
9216,4897,56,1,1180.81
9217,4898,176,2,798.78
9218,4898,148,1,836.3
9219,4899,192,1,121.94
9220,4900,85,2,1548.36
9221,4900,187,3,116.57
9222,4901,180,2,1705.09
9223,4902,85,3,1548.36
9224,4903,127,3,68.25
9225,4903,56,1,1350.71
9226,4904,113,1,414.76
9227,4904,110,1,970.89
9228,4904,36,2,64.17
9229,4905,187,1,116.57
9230,4906,110,1,924.27
9231,4906,187,1,116.57
9232,4906,85,5,1548.36
9233,4907,56,2,1350.71
9234,4907,187,1,116.57
9235,4908,63,1,475.05
9236,4909,16,1,1715.95
9237,4910,187,1,116.57
9238,4911,40,2,168.43
9239,4911,187,1,108.09
9240,4912,56,2,1350.71
9241,4912,187,3,116.57
9242,4913,94,1,1665.43
9243,4913,187,1,116.57
9244,4914,187,1,116.57
9245,4914,96,1,374.13
9246,4914,1,1,1818.9
9247,4915,40,1,182.89
9248,4915,187,3,108.1
9249,4916,187,1,102.41
9250,4916,179,2,1752.38
9251,4917,187,2,105.64
9252,4918,176,3,798.78
9253,4919,123,3,1249.71
9254,4920,162,1,1652.66
9255,4920,180,2,1705.09
9256,4920,1,2,1818.9
9257,4920,187,1,116.57
9258,4921,187,2,108.49
9259,4921,40,1,171.47
9260,4921,105,2,46.61
9261,4921,25,1,101.44
9262,4922,85,1,1548.36
9263,4923,187,1,116.57
9264,4923,134,2,1199.76
9265,4923,40,1,182.89
9266,4924,190,2,220.41
9267,4924,96,3,374.13
9268,4924,185,3,1150.61
9269,4925,177,2,648.94
9270,4926,13,3,625.1
9271,4926,106,1,473.95
9272,4927,187,1,116.57
9273,4927,188,1,759.13
9274,4927,36,4,64.17
9275,4927,51,1,1655.88
9276,4928,145,2,1219.52
9277,4928,85,1,1422.17
9278,4929,68,2,1620.15
9279,4929,1,1,1818.9
9280,4930,1,1,1818.9
9281,4931,85,1,1548.36
9282,4932,85,1,1353.74
9283,4932,187,1,116.57
9284,4933,133,2,1755.48
9285,4934,75,1,345.09
9286,4934,187,5,116.57
9287,4935,187,2,100.6
9288,4935,93,1,262.18
9289,4936,40,1,182.89
9290,4936,56,1,1350.71
9291,4937,40,1,182.89
9292,4937,96,3,321.0
9293,4938,87,1,705.29
9294,4939,17,1,1412.13
9295,4940,85,1,1548.36
9296,4940,187,5,116.57
9297,4941,187,2,116.57
9298,4941,109,1,260.35
9299,4942,85,1,1462.79
9300,4943,99,5,408.14
9301,4943,187,1,116.57
9302,4943,130,1,228.78
9303,4944,56,2,1350.71
9304,4944,57,2,542.43
9305,4944,22,1,1114.31
9306,4944,81,1,1783.66
9307,4945,176,1,798.78
9308,4945,85,1,1548.36
9309,4945,187,4,116.57
9310,4945,81,1,1783.66
9311,4946,111,2,1303.3
9312,4946,56,2,1350.71
9313,4947,17,3,1521.63
9314,4947,180,1,1705.09
9315,4948,85,1,1548.36
9316,4949,37,2,1917.91
9317,4949,187,4,116.57
9318,4950,40,1,170.83
9319,4950,24,1,842.71
9320,4951,34,2,706.15
9321,4951,85,2,1548.36
9322,4952,197,1,1703.45
9323,4953,25,3,101.44
9324,4953,180,1,1597.94
9325,4954,54,1,1116.55
9326,4954,88,1,206.14
9327,4955,187,2,116.57
9328,4956,27,2,672.46
9329,4956,121,1,615.18
9330,4956,187,1,108.33
9331,4957,185,1,1150.61
9332,4958,36,2,59.51
9333,4958,187,1,116.57
9334,4958,163,1,579.01
9335,4958,1,1,1818.9
9336,4959,133,3,1665.36
9337,4959,187,1,116.57
9338,4959,25,1,93.38
9339,4960,180,4,1705.09
9340,4960,139,2,54.33
9341,4961,187,2,116.57
9342,4961,163,2,633.77
9343,4962,85,2,1365.14
9344,4962,111,3,1394.33
9345,4963,187,1,116.57
9346,4964,85,2,1548.36
9347,4964,139,1,54.33
9348,4965,84,1,644.86
9349,4965,187,1,109.85
9350,4966,40,1,160.23
9351,4966,17,1,1521.63
9352,4967,147,1,1213.76
9353,4967,127,1,68.25
9354,4968,3,1,545.69
9355,4968,17,1,1435.19
9356,4969,180,1,1705.09
9357,4969,85,4,1548.36
9358,4970,1,1,1818.9
9359,4971,85,4,1548.36
9360,4971,56,1,1350.71
9361,4972,139,1,49.57
9362,4972,85,2,1548.36
9363,4973,187,3,116.57
9364,4974,187,2,116.57
9365,4974,40,1,182.89
9366,4974,36,2,64.17
9367,4975,176,3,798.78
9368,4975,181,2,105.12
9369,4976,85,1,1548.36
9370,4976,110,1,1022.04
9371,4977,187,1,116.57
9372,4978,27,1,672.46
9373,4979,85,5,1548.36
9374,4979,62,4,1721.93
9375,4980,187,1,116.57
9376,4980,49,1,825.42
9377,4980,138,1,1573.62
9378,4981,187,4,101.21
9379,4982,192,1,121.94
9380,4982,88,1,206.14
9381,4982,171,1,128.74
9382,4983,51,1,1415.0
9383,4983,187,1,116.57
9384,4984,187,2,116.57
9385,4985,187,1,116.57
9386,4985,85,2,1548.36
9387,4985,96,1,374.13
9388,4985,133,2,1789.64
9389,4986,40,4,182.89
9390,4987,127,1,68.25
9391,4987,187,1,116.57
9392,4987,138,1,1573.62
9393,4987,109,4,260.35
9394,4988,4,3,1938.94
9395,4989,154,3,461.22
9396,4989,187,1,116.57
9397,4989,25,1,101.44
9398,4989,163,3,633.77
9399,4990,180,2,1705.09
9400,4990,85,4,1548.36
9401,4990,192,1,121.94
9402,4990,187,1,116.57
9403,4991,187,1,116.57
9404,4992,187,2,116.57
9405,4992,25,4,101.44
9406,4992,60,1,1541.69
9407,4993,187,2,116.57
9408,4994,88,1,190.26
9409,4994,111,1,1394.33
9410,4994,121,1,615.18
9411,4994,100,1,633.75
9412,4995,163,1,633.77
9413,4995,53,3,296.83
9414,4996,110,2,1022.04
9415,4996,111,1,1394.33
9416,4997,187,1,116.57
9417,4997,85,2,1548.36
9418,4998,187,4,116.57
9419,4999,56,1,1350.71
9420,4999,40,1,182.89
9421,4999,133,2,1795.06
9422,5000,187,2,108.56
9423,5000,60,1,1541.69
